ABERDEEN EVANGELICAL MENNONITE CHURCH,Winnipeg,MB,204-221-3000,http://www.aberdeenemc.ca
ABUNDANT LIFE BAPTIST CHURCH,Winnipeg,MB,(204) 222-7671,
ABUNDANT LIFE CHAPEL,Lac Du Bonnet,MB,204.345.2934,
ADVENT LUTHERAN CHURCH,Thompson,MB,,
AFRICAN BAPTIST MINISTRIES IN CANADA INC.,Winnipeg,MB,(204) 230 2607,http://www.abmcanada.org
African One Heart,Winnipeg,MB,1-204 230 2607,http://www.abmcanada.org
AGAPE CHAPEL,Winnipeg,MB,,
ALBRIGHT CHURCH,Winnipeg,MB,,
Alive Family Church,Stonewall,MB,204.467.2870,http://alivefamilychurch.ca
All Nations Full Gospel Church (ANFGC),Winnipeg,MB,204 557 8384,http://www.anfgcwinnipeg.org
ALL PEOPLES CHURCH,West Hawk Lake,MB,,
ALL SAINTS ANGLICAN CHURCH,Matlock,MB,,
ALL SAINTS ANGLICAN CHURCH,Gladstone,MB,,
ALL SAINTS CHURCH,Winnipeg,MB,+254720783706,
ALL SAINTS UKRAINIAN CATHOLIC PARISH,Swan River,MB,,
ALONSA UNITED CHURCH,Alonsa,MB,,
ALTAMONT UNITED CHURCH,Altamont,MB,,
ALTONA EVANGELICAL MENNONITE MISSION CHURCH,Altona,MB,,
ALTONA MENNONITE CHURCH,Altona,MB,,
ALTONA UNITED CHURCH,Wanguru,MB,+254720783706,
AMARANTH GOSPEL MISSION,Langruth,MB,,
Amaranth Gospel Mission,Amaranth,MB,2048432658,
AMBASSADOR BAPTIST CHURCH,Morden,MB,,
Anola Fellowship Chapel,Anola,MB,204-866-2882,
ANOLA UNITED CHURCH,Anola,MB,,
ARBORG CHRISTIAN FELLOWSHIP INC,Arborg,MB,(204) 376-2683,http://ArborgChristianFellowship.com
ARDAL - GEYSIR  LUTHERAN CHURCH,Arborg,MB,(204) 376-2996,
ARDEN UNITED CHURCH,Arden,MB,,
ARLINGTON STREET GOSPEL CHAPEL,Winnipeg,MB,,
ARNAUD MENNONITE CHURCH,Arnaud,MB,,
ASHERN GOSPEL CHAPEL,Ashern,MB,,
ASHERN UNITED CHURCH,Ashern,MB,,
ASSINIBOIA - CHARLESWOOD COMMUNITY CHURCH,Winnipeg,MB,,
Assiniboine Pentecostal Church,Winnipeg,MB,204.783.4456,
ASSUMPTION OF OUR LADY CHURCH,Amaranth,MB,,
ATLANTIC GARDEN CITY UNITED CHURCH,Winnipeg,MB,,
AUGUSTINE UNITED CHURCH,Winnipeg,MB,,
AUSTIN SIDNEY PASTORAL CHARGE,Austin,MB,,
AVONLEA UNITED CHURCH,Domain,MB,,
BAGOT COMMUNITY CHAPEL,Bagot,MB,,
BALMORAL UNITED CHURCH,Balmoral,MB,,
BAPTIST GENERAL CONFERENCE - CENTRAL CANADA INC.,Winnipeg,MB,,
BAYVIEW EVANGELICAL FREE CHURCH OF GIMLI/WINNIPEG BEACH DISTRICTS IN MANITOBA,Gimli,MB,,
Beausejour Community Church,Beausejour,MB,204-268-9950,http://www.beausejourchurch.ca
BEAUSEJOUR PASTORAL CHARGE,Beausejour,MB,,
BEAUTIFUL SAVIOR LUTHERAN CHURCH,Winnipeg,MB,,
BELLAFIELD PRESBYTERIAN CHURCH,Ninette,MB,,
Belmont Pentecostal Assembly,Belmont,MB,,
BENITO KENVILLE PASTORAL CHARGE,Swan River,MB,,
BEREAN CHURCH OF GOD INCORPORATED,Winnipeg,MB,,
BEREAN FUNDAMENTAL CHURCH OF OAK LAKE MAN INC,Oak Lake,MB,,
BERGFELD MENNONITE CHURCH,Altona,MB,,
BERGTHALER MENNONITE CHURCH,Macgregor,MB,,
BERGTHALER MENNONITE CHURCH OF ALTONA,Altona,MB,,
BERGTHALER MENNONITE CHURCH OF GRETNA,Gretna,MB,,
BERGTHALER MENNONITE CHURCH OF MORDEN,Morden,MB,,
BETHEL BAPTIST CHURCH,Winnipeg,MB,,
BETHEL BERGTHALER MENNONITE CHURCH,Winkler,MB,1-204-325-4536,http://www.ourbethelchurch.com
Bethel Chapel,Selkirk,MB,204.482.5482,
BETHEL CHRISTIAN ASSEMBLY,Brandon,MB,,http://www.bethelbrandon.ca
BETHEL CHURCH,Macgregor,MB,204.685.2613,
BETHEL MENNONITE CHURCH,Winnipeg,MB,,
BETHEL PENTECOSTAL CHURCH,Roblin,MB,,
BETHEL TABERNACLE,Dauphin,MB,,
BETHEL TABERNACLE U P C,Winnipeg,MB,,
BETHESDA CHURCH,Winnipeg,MB,,http://bethesdachurch.ca
BETHLEHEM CHAPEL,Winnipeg,MB,,
BEULAH COMMUNITY CHAPEL INC,Beulah,MB,,
BIBLE BAPTIST CHURCH,Portage La Prairie,MB,,
BIBLE CHURCH OF GOD INC,Winnipeg,MB,,
BINSCARTH FOXWARREN PASTORAL CHARGE,Foxwarren,MB,,
BIRDS HILL UNITED CHURCH,East St. Paul,MB,,
BIRTLE UNITED CHURCH,Birtle,MB,,
BIRTLE-ISABELLA-MINIOTA PASTORAL CHARGE,Birtle,MB,,
BISSETT UNITED CHURCH,Bissett,MB,,
BLESSED SACRAMENT PARISH,Elie,MB,,
BLESSED VIRGIN MARY UKRAINIAN CATHOLIC PARISH,Winnipeg,MB,,
Blessings Community Church,Winnipeg,MB,204.586.0702,http://www.blessingscommunitychurch.com
Bloodvein Pentecostal Church,Bloodvein River,MB,,
Blumenort Evangelical Mennonite Church,Blumenort,MB,204-326-1644,http://www.blumenortemc.ca
BLUMENORT MENNONITE CHURCH,Winkler,MB,,
Braeside Evangelical Mennonite Church,Winnipeg,MB,204-667-2970,http://www.braesidechurch.ca
BRANDON CHURCH OF CHRIST,Brandon,MB,,
Brandon Vineyard Christian Fellowship,Brandon,MB,(204) 728-4108,
BROADWAY FIRST BAPTIST CHURCH INC.,Winnipeg,MB,,
BROOKDALE UNITED CHURCH OF CANADA,Brookdale,MB,,
CADURCIS UNITED CHURCH,Minnedosa,MB,,
CALVARY BAPTIST CHURCH,Killarney,MB,,http://sites.advancedministry.com/calvarykillarney
Calvary Chapel,Neepawa,MB,204.476.3245,http://neepawa.paoca.net
Calvary Chapel,Winnipeg,MB,2048944591,http://www.calvarywinnipeg.com
Calvary Chapel Winnipeg,Winnipeg,MB,204-894-4591,http://www.ccwinnipeg.com
CALVARY CHURCH,Minnedosa,MB,,
Calvary Gospel Church,Elphinstone,MB,204.625.2002,
CALVARY TEMPLE,Brandon,MB,204.728.8500,http://www.ctbrandon.com
CALVARY TEMPLE CHURCH,Winnipeg,MB,204.943.4551,http://www.ctwinnipeg.com
CALVIN PRESBYTERIAN CHURCH,Winnipeg,MB,,
CANADIAN BAPTIST MISSION INC,Pikwitonei,MB,,
CANADIAN CONFERENCE OF MENNONITE BRETHREN CHURCH OF NORTH AMERICA,Winnipeg,MB,,
CANADIAN REFORMED CHURCH AT WINNIPEG MAN,Winnipeg,MB,(204) 661-6970,
CANADIAN REFORMED CHURCH OF CARMAN MAN,Carman,MB,,
CARBERRY PASTORAL CHARGE,Carberry,MB,,
CARDALE UNITED CHURCH,Cardale,MB,,
CARMAN CHURCH OF CHRIST,Miami,MB,,
CARMAN GOSPEL LIGHT CHURCH (MENNONITE BRETHREN COFERENCE),Carman,MB,,
CARMAN MENNONITE CHURCH,Carman,MB,,
CARMAN UNITED CHURCH,Carman,MB,,
CARMEN PENTECOSTAL ASSEMBLY,Carman,MB,204.745.3787,http://www.carman.paoc.net
CARTWRIGHT UNITED CHURCH,Cartwright,MB,,
CATHEDRAL PARISH OF ST JOHN WINNIPEG,Winnipeg,MB,,
CENTRAL BAPTIST CHURCH,Winnipeg,MB,,
CENTRAL CHARITIES BOARD CHURCH OF GOD IN CHRIST MENNONITE CANADA,Grandview,MB,,
Central Pentecostal Church,Norway House,MB,,
CENTRAL UNITED CHURCH,Brandon,MB,,
CENTRO FAMILIAR CRISTIANO EL SHADDAI CHURCH INC. BRANDON MB,Brandon,MB,204-930.8249,http://iglesiainternacionalelshaday.com
CHAPELLENIE DE SAINT JEAN-MARIE VIANNEY,La Broquerie,MB,,
CHARLESWOOD GOSPEL TEMPLE,Winnipeg,MB,,
CHARLESWOOD MENNONITE CHURCH,Winnipeg,MB,,
CHARLESWOOD UNITED CHURCH,Winnipeg,MB,,
Chief Cornerstone Pentecostal Church,Winnipeg,MB,204.944.8059,http://www.chiefcornerstonechurch.org
CHINESE UNITED CHURCH,Winnipeg,MB,,
CHORTITZER MENNONITE CONFERENCE,Steinbach,MB,,
CHRIST CHURCH,Cartwright,MB,204-523-8947,http://killarneyparishgroup.weebly.com
CHRIST CHURCH,Grandview,MB,,
CHRIST CHURCH,Roblin,MB,,
CHRIST CHURCH,Hamiota,MB,,
CHRIST CHURCH,The Pas,MB,,
CHRIST CHURCH,Melita,MB,,
CHRIST CHURCH,Russell,MB,,
CHRIST CHURCH ANGLICAN,Fort Alexander,MB,,
CHRIST CHURCH BELMONT,Belmont,MB,,
CHRIST FULL GOSPEL FELLOWSHIP,Winklerulee,MB,,
CHRIST LUTHERAN CHURCH,Morden,MB,,
CHRIST LUTHERAN CHURCH,Neepawa,MB,,
CHRIST LUTHERAN CHURCH,Waldersee,MB,12043524087,
CHRIST OUR SAVIOUR CHURCH,Steinbach,MB,,
CHRIST THE KING CHURCH,Stonewall,MB,,
CHRISTIAN AND MISSIONARY ALLIANCE CHURCH,Churchill,MB,,
CHRISTIAN BRETHREN GOSPEL HALL,Selkirk,MB,,
CHRISTIAN CENTRE FELLOWSHIP,Thompson,MB,204-677-4457,
Christian Faith Church,Winkler Mb.,MB,204-331-1282,http://www.cfc.chortitzer.com
CHRISTIAN FELLOWSHIP CHAPEL,Winnipeg,MB,,
CHRISTIAN FELLOWSHIP CHURCH,Bowsman,MB,,
Christian Fellowship Church,Birch River,MB,204-236-4370,
CHRISTIAN LIFE ASSEMBLY,Winnipeg,MB,204.694.6875,http://www.clawinnipeg.org
CHRISTIAN LIFE CENTRE,Brandon,MB,,
CHRISTIAN LIFE CENTRE,Morden,MB,204.822.6209,http://www.clcmorden.org
CHRISTIANS OF EVANGELICAL FAITH OF CANADA,Swan River,MB,,
CHRISTIANS OF EVANGELICAL FAITH OF PORTAGE LA PRAIRIE MANITOBA,Portage La Prairie,MB,,
CHURCH OF CHRIST,Dauphin,MB,,
CHURCH OF CHRIST (CENTRAL CONGREGATION) INC.,Winnipeg,MB,,
CHURCH OF GOD,Rosenort,MB,,
Church of GOD (7th Day) Winnipeg,Winnipeg,MB,,http://mzchurchofgod.gutensite.com/
CHURCH OF GOD (SHERWOOD PARK),Winnipeg,MB,,
CHURCH OF GOD AT MORDEN,Morden,MB,,
CHURCH OF GOD IN CHRIST,Kleefeld,MB,,
CHURCH OF GOD IN CHRIST,Sinclair,MB,,
CHURCH OF GOD IN CHRIST (MENNONITE),Cartwright,MB,,
CHURCH OF GOD IN CHRIST MENNONITE,Beausejour,MB,,
CHURCH OF GOD IN CHRIST MENNONITE,Ste Anne,MB,,
CHURCH OF GOD OF PROPHECY,Winnipeg,MB,,
Church of Nazarene,Brandon,MB,,
CHURCH OF ST MARY THE VIRGIN THE,Brandon,MB,,
CHURCH OF THE ANNUNCIATION (WOODLANDS),Woodlands,MB,,
Church of the Good Shepherd (Anglican),Winnipeg,MB,204-269-2362,http://www.gdshepherd.ca/
CHURCH OF THE OPEN DOOR INC,Winnipeg,MB,,
CHURCH OF THE ROCK INC,Winnipeg,MB,2042610070,http://www.churchoftherock.ca/
CHURCH OF THE WAY,Winnipeg,MB,,
Cities Church,Brandon,MB,2049188562,http://cities.church
CLANDEBOYE AMALGAMATED UNITED CHURCH,Clandeboye,MB,204-738-4313,https://www.facebook.com/ClandeboyeUnitedChurch
CLEARWATER UNITED CHURCH,Clearwater,MB,,
CLOVERDALE UNITED CHURCH,Selkirk,MB,,
COMMUNITY BIBLE CHURCH,Arden,MB,,
Community Bible Fellowship,Swan River,MB,204-734-4829,
COMMUNITY CHRISTIAN CHURCH-CHURCHES OF CHRIST INC,Winnipeg,MB,,
COMMUNITY FELLOWSHIP CHURCH,Newton,MB,,
Community LIife Church,Winnipeg,MB,204.667.6886,
CONFERENCE OF MANITOBA AND NORTHWESTERN ONTARIO UNITED CHURCH OF CANADA,Winnipeg,MB,,
CONGREGATION OF THE CHURCH OF CHRIST,Edwin,MB,,
Cornerstone Alliance Church,Winnipeg,MB,204-256-2444,http://www.cornerstonealliance.ca
CORNERSTONE BAPTIST CHURCH OF WINNIPEG INC,Winnipeg,MB,,
CORNERSTONE BIBLE CHURCH,Steinbach,MB,,
CORNERSTONE COMMUNITY CHURCH,Winnipeg,MB,,
Cornerstone Ministries,Crystal City,MB,204-873-2296,http://www.cornerstoneministries.ca/
Cornerstone Vineyard Christian Fellowship,Winkler,MB,(204) 325-5994,
CORPUS CHRISTI PARISH,Winnipegosis,MB,,
COVENANT CHRISTIAN REFORMED CHURCH,Winnipeg,MB,,
COVENANT MENNONITE CHURCH OF WINKLER INC,Winkler,MB,,
Covenant Reformed Church,Steinbach,MB,,http://www.covreformedchurch.org
CRESCENT-FORT ROUGE UNITED CHURCH,Winnipeg,MB,,
Crestview Fellowship,Winnipeg,MB,204-837-9490,
CRESTVIEW PARK FREE METHODIST CHURCH,Winnipeg,MB,,
CRESTVIEW UNITED CHURCH,Winnipeg,MB,,
CROMER UNITED CHURCH,Cromer,MB,,
Cross Church,Winnipeg,MB,204.632.7322,http://www.crosschurch.ca
Crossover International Church of God-Winnipeg,Winnipeg,MB,204-4704070,http://www.churchofgod.org/
CROSSROADS MENNONITE BRETHREN CHURCH,Winnipeg,MB,,
Crystal City House of Prayer,Crystal City,MB,,
CRYSTAL CITY MENNONITE CHURCH,Crystal City,MB,,
CRYSTAL CITY UNITED CHURCH,Crystal City,MB,,
CT African Church,Winnipeg,MB,204.943.4551,http://www.ctwinnipeg.com
CYPRESS RIVER UNITED CHURCH,Cypress River,MB,,
DARLINGFORD FULL GOSPEL MISSION,Morden,MB,,
DAUPHIN FIRST UNITED CHURCH,Dauphin,MB,,
DAYSPRING FELLOWSHIP INC.,Ste Anne,MB,,
DEER LODGE UNITED CHURCH,Winnipeg,MB,,
DELORAINE EVANGELICAL FREE CHURCH,Deloraine,MB,,
DELORAINE PASTORAL CHARGE,Deloraine,MB,,
DISCIPLES OF PEACE OUTREACH MISSION INC.,Winnipeg,MB,,
DOMINION CITY UNITED CHURCH,Dominion City,MB,,
DONNELLY UNITED CHURCH,Winnipeg,MB,,
DOUGLAS MENNONITE CHURCH INC,Winnipeg,MB,2046687432,http://www.douglasmc.ca/
DOUGLAS UNITED CHURCH,Brandon,MB,,
DUGALD UNITED CHURCH,Dugald,MB,,
EAST KILDONAN BAPTIST CHURCH,Winnipeg,MB,,
EASTGATE CHRISTIAN FELLOWSHIP INC,Winnipeg,MB,,
Ebenezer Christian Church,Brandon,MB,204-726-8179,
EGLISE CATHOLIQUE ROMAINE DE SAINTE MONIQUE,Notre Dame De Lourdes,MB,,
EGLISE DU SACRE-COEUR,Winnipeg,MB,,
ELGIN UNITED CHURCH,Elgin Manitoba,MB,,
ELIM BAPTIST CHURCH,Beausejour,MB,,
Elim Baptist Church,Beausejour,MB,,
ELIM CHAPEL,Melita,MB,204.522.8261,
ELIM CHAPEL FELLOWSHIP,Winnipeg,MB,,
ELIM MENNONITE CHURCH,Grunthal,MB,204-434-6905,http://www.elimmennonite.org
ELIM MENNONITE CHURCH OF NIVERVILLE INC,Niverville,MB,,
ELIM TEMPLE,Manitou,MB,,
ELKHORN GOSPEL FELLOWSHIP,Elkhorn,MB,,
ELMWOOD CHURCH OF THE NAZARENE INCORPORATED,Winnipeg,MB,,
ELMWOOD COMMUNITY REFORMED CHURCH,Winnipeg,MB,,
ELMWOOD MENNONITE BRETHREN CHURCH,Winnipeg,MB,,
EMERSON BAPTIST CHURCH,Ridgeville,MB,,
EMMANUEL ANGLICAN CHURCH,Treherne,MB,,
EMMANUEL BAPTIST CHURCH,Morris,MB,,
EMMANUEL EVANGELICAL FREE CHURCH,Steinbach,MB,,
EMMANUEL FELLOWSHIP INC,Kenville,MB,,
EMMANUEL GOSPEL CHURCH,Lowe Farm,MB,,
EMMANUEL KOREAN CHURCH INC,Winnipeg,MB,,
EMMANUEL LUTHERAN CHURCH,Emerson,MB,,
EMMANUEL MENNONITE CHURCH INC,Winkler,MB,2043254710,http://www.winkleremmanuel.com
EMMANUEL UNITED PENTECOSTAL CHURCH,Winnipeg,MB,,
Emmaus Bible Church,Winkler,MB,204-331-3275,http://febc.ca
EPIPHANY LUTHERN CHURCH,Winnipeg,MB,,
ERICKSON LUTHERAN CHURCH,Erickson,MB,,
ERIKSDALE EVANGELICAL FREE CHURCH INC,Eriksdale,MB,,
Ethelbert Grace Bible Church,Ethelbert,MB,204-742-3590,
ETHELBERT UNITED CHURCH,Ethelbert,MB,,
Evangel Chapel,Winnipeg,MB,204.257.0143,http://www.evangelchapel.ca
EVANGELICAL ANABAPTIST FELLOWSHIP MANITOBA INC.,Winnipeg,MB,,
EVANGELICAL COVENANT CHURCH OF CANADA,Winnipeg,MB,,
EVANGELICAL FELLOWSHIP CHURCH,Steinbach,MB,204-326-9028,http://www.efchurch.ca
EVANGELICAL FREE CHURCH OF CARBERRY,Carberry,MB,,
EVANGELICAL LUTHERAN CHURCH IN CANADA,Winnipeg,MB,,
EVANGELICAL LUTHERAN CHURCH OF SELKIRK,Selkirk,MB,,
EVANGELICAL LUTHERAN CHURCH OF THE CROSS,Winnipeg,MB,,
EVANGELICAL MENNONITE BRETHREN CHURCH,Grunthal,MB,,
EVANGELICAL MENNONITE CHURCH,Steinbach,MB,204-326-6572,http://www.emchurch.com
EVANGELICAL MENNONITE CHURCH OF PLEASANT VALLEY,Morris,MB,,
EVANGELICAL MENNONITE MISSION CHURCH OF MORDEN,Morden,MB,,
EVANGELICAL MENNONITE MISSION CONFERENCE,Austin,MB,,
EVANGELICAL MENNONITE MISSION CONFERENCE OF CANADA ',Winnipeg,MB,,
Fairford Sanctuary,Fairford,MB,,
FAITH AND LIFE COMMUNITY SERVICES,Winkler,MB,,
FAITH BAPTIST CHURCH OF WINNIPEG INC,Winnipeg,MB,,
FAITH CHURCH OF LOVE IN CHRIST JESUS,Winnipeg,MB,,
FAITH COVENANT CHURCH INC,Winnipeg,MB,(204) 261-6163,
Faith Evangelical Bible Church,Winkler,MB,204-325-7597,http://febc.ca
Faith Fellowship Baptist Church,Brandon,MB,2047289702,http://www.faithfellowshipbrandon.com
FAITH LUTHERAN CHURCH,Winnipeg,MB,,
FAITH TEMPLE,Winnipeg,MB,,
Family Worship Centre,Boissevain,MB,204.534.6134,http://brian@fwcboissevain.com
Family Worship Centre,Grandview,MB,204.546.3249,
FILIPINO EVANGELICAL CHURCH,Winnipeg,MB,,
FILIPINO UNITED COMMUNITY CHURCH INC,Winnipeg,MB,,
FIRST ALLIANCE CHURCH,Winnipeg,MB,,
FIRST BAPTIST CHURCH,Dauphin,MB,,
FIRST BAPTIST CHURCH,Thompson,MB,,
FIRST BAPTIST CHURCH,Minitonas,MB,,
FIRST BAPTIST CHURCH,Swan River,MB,,
FIRST BAPTIST CHURCH,Brandon,MB,,
FIRST BAPTIST CHURCH,Flin Flon,MB,,
FIRST BAPTIST CHURCH,Steinbach,MB,,
FIRST BAPTIST CHURCH,Portage La Prairie,MB,,
FIRST CHRISTIAN REFORMED CHURCH,Brandon,MB,,
FIRST CZECHOSLOVAK BAPTIST CHURCH,Minitonas,MB,,
FIRST ENGLISH EVANGELICAL LUTHERAN CHURCH OF WINNIPEG,Winnipeg,MB,,
FIRST MENNONITE CHURCH OF WINNIPEG,Winnipeg,MB,,
FIRST NATION'S PENTECOSTAL CHURCHES INC,Winnipeg,MB,,
FIRST PRESBYTERIAN CHURCH,Portage La Prairie,MB,,
FIRST PRESBYTERIAN CHURCH,Winnipeg,MB,,
FIRST PRESBYTERIAN CHURCH,Brandon,MB,,
FLIN FLON ALLIANCE CHURCH,Flin Flon,MB,,
FLIN FLON MENNONITE BRETHREN CHURCH,Flin Flon,MB,,
Flin Flon Pentecostal Church,Flin Flon,MB,204.687.4596,
Flowing Rivers of Eternal Life,Winnipeg,MB,,
Fort Garry Evangelical Mennonite Church,Winnipeg,MB,204-261-1084,http://www.fortgarryemc.ca
FORT GARRY MENNONITE BRETHREN CHURCH,Winnipeg,MB,,
FORT GARRY MENNONITE FELLOWSHIP,Winnipeg,MB,,
FORT GARRY UNITED CHURCH,Winnipeg,MB,,
Fort Island Sanctuary,Norway House,MB,,
FORT RICHMOND ASSEMBLY,Winnipeg,MB,,
FORT RICHMOND BAPTIST CHURCH INCORPORATED,Winnipeg,MB,,
FOURTH AVENUE BIBLE CHURCH,Niverville,MB,,
FREE METHODIST CHURCH IN CANADA,Roblin,MB,,
Freedom Ministries,Pelican Rapids,MB,,
FRIKIRKJU LUTHERAN CHURCH,Cypress River,MB,,
FULL GOSPEL CHAPEL,Steinbach,MB,,
FULL GOSPEL MISSION,Gilbert Plains,MB,204.548.2804,
Garden Hill Pentecostal Chapel,Island Lake,MB,,
GARDEN PARK BAPTIST CHURCH,Winnipeg,MB,,
Gateway Bible Baptist Church,Thompson,MB,204-677-3000,http://www.Gatewaybiblebaptistchurch.ca
GATEWAY CHRISTIAN COMMUNITY INC,Winnipeg,MB,,
GERMAN CHURCH OF GOD,Winnipeg,MB,,
GERMAN CHURCH OF GOD,Steinbach,MB,,
GERMAN MENNONITE BRETHREN CHURCH,Winkler,MB,,
GETHSEMANE LUTHERAN CHURCH,Inwood,MB,,
GILBERT PLAINS PASTORAL CHARGE,Gilbert Plains,MB,,
GILLAM GOSPEL MISSION,Gillam,MB,,
GIMLI LUTHERAN CHURCH,Gimli,MB,,
Gladstone Christian Fellowship,Gladstone,MB,204-385-2915,
GLADSTONE PASTORAL CHARGE,Gladstone,MB,,
Glenboro Bible Chapel,Glenboro,MB,204-827-2622,
GLENBORO LUTHERAN CHURCH,Glenboro,MB,,
GLENBORO PASTORAL CHARGE,Glenboro,MB,,
GLENCROSS MENNONITE CHURCH,Morden,MB,,
GLENLEA MENNONITE CHURCH,Winnipeg,MB,,
GLORIA DEI LUTHERAN CHURCH INCORPORATED,Winnipeg,MB,,
Good News Community Church,Steinbach,MB,,http://www.gncchurch.com
GOOD NEWS FELLOWSHIP CHRISTIAN REFORMED CHURCH INC,Winnipeg,MB,204-254-1129,
GOOD NEWS MENNONITE CHURCH INC,Winnipeg,MB,,
GOOD NEWS TABERNACLE,Leaf Rapids,MB,,
GOOD SHEPHERD LUTHERAN CHURCH,Selkirk,MB,,
GOOD SHEPHERD PARISH,Portage La Prairie,MB,,
GOODLANDS UNITED CHURCH,Goodlands,MB,,
GORDON-KING MEMORIAL UNITED CHURCH,Winnipeg,MB,,
GOSPEL FELLOWSHIP CHURCH,Steinbach,MB,,
GOSPEL MENNONITE CHURCH,Winnipeg,MB,,
Gospel Mission Church,Winkler,MB,2043256388,http://gmchurch.ca
GOSPEL TABERNACLE,Altona,MB,,
GRACE BAPTIST CHURCH,Selkirk,MB,,
GRACE BAPTIST CHURCH,Ste Rose Du Lac,MB,,
Grace Bible Church,Dauphin,MB,204-638-4911,
GRACE BIBLE CHURCH OF WINNIPEG,Winnipeg,MB,,
Grace Canadian Reformed Church,Winnipeg,MB,,http://grace.futuragts.com/
GRACE CHAPEL INC,Winnipeg,MB,,
GRACE CHURCH OF THE MENNONITE BRETHREN,Cranberry Portage,MB,,
Grace Community Church,Winnipeg,MB,204.895.1210,http://gracecommunitychurch.ca
GRACE ENGLISH LUTHERAN CHURCH,Brandon,MB,,
GRACE EVANGELICAL LUTHERAN CHURCH,Langruth,MB,,
GRACE EVANGELICAL LUTHERAN CHURCH,Russell,MB,,
GRACE FELLOWSHIP CHURCH INC,Macgregor,MB,,
GRACE LUTHERAN CHURCH,Winnipeg,MB,,
GRACE LUTHERAN CHURCH,Ashern,MB,,
GRACE LUTHERAN CHURCH,Beausejour,MB,,
GRACE LUTHERAN CHURCH,Carman,MB,,
GRACE MENNONITE CHURCH,Steinbach,MB,,
GRACE MENNONITE CHURCH,Winkler,MB,204-325-8884,Http://www.gracechurchwinkler.com
GRACE MENNONITE CHURCH,Brandon,MB,204-728-4515,
Grain of Wheat Church Community,Winnipeg,MB,,http://www.grainofwheat.ca
GRAND VALLEY COMMUNITY CHURCH,Brandon,MB,,
GRANDVIEW CHURCH OF GOD IN CHRISTMENNONITE,Grandview,MB,,
GRANDVIEW FAMILY WORSHIP CENTRE,Grandview,MB,,
GRANDVIEW FREE METHODIST CHURCH,Grandview,MB,,
GRANDVIEW UNITED CHURCH,Grandview,MB,,
GRANT MEMORIAL BAPTIST CHURCH,Winnipeg,MB,,http://www.grantmemorial.mb.ca/
GRAYSVILLE MENNONITE CHURCH,Stephenfield,MB,,
GREENRIDGE UNITED CHURCH,Woodmore,MB,,
GREY STREET UNITED CHURCH,Winnipeg,MB,,
GRISWOLD UNITED CHURCH,Griswold,MB,,
GROSSE ISLE UNITED CHURCH,Grosse Isle,MB,,
GRUNTHAL ABUNDANT LIFE FELLOWSHIP INC,Grunthal,MB,,
GRUNTHAL BERGTHALER MENNONITE CHURCH,Grunthal,MB,,
GRUNTHAL CHRISTIAN FELLOWSHIP TABERNACLE,Grunthal,MB,,
GUARDIAN ANGELS CHURCH,Gilbert Plains,MB,,
Gull Lake Gospel Church,Selkirk,MB,,
HAMIOTA PENTECOSTAL CHURCH,Hamiota,MB,204.764.2648,
HAMIOTA UNITED CHURCH,Hamiota,MB,,
HARROW UNITED CHURCH,Winnipeg,MB,,
Hartney Old English Church,Hartney,MB,204 741 9003,
HARTNEY UNITED CHURCH,Hartney,MB,,
Heartland Community Church,Landmark,MB,204-355-4690,
HELLENIC GREEK ORTHODOX CHURCH OF WINNIPEG INC,Winnipeg,MB,,
HERITAGE CHRISTIAN FELLOWSHIP INC.,Winnipeg,MB,,
HIGH BLUFF UNITED CHURCH,High Bluff,MB,,
HIGHWAY TABERNACLE,Portage La Prairie,MB,204.857.6928,http://portage.paoc.net
HILLTOP BAPTIST CHURCH,Erickson,MB,,
HODGSON BIBLE CHURCH,Hodgson,MB,,
HOLLAND UNITED CHURCH,Holland,MB,,
HOLY CROSS LATVIAN EVANGELICAL LUTHERAN CHURCH,Winnipeg,MB,,
HOLY CROSS LUTHERAN CHURCH,Dugald,MB,,
HOLY EUCHARIST UKRAINIAN CATHOLIC PARISH,Selkirk,MB,,
HOLY EUCHARIST UKRAINIAN CATHOLIC PARISH,Winnipeg,MB,,
HOLY FAMILY CHURCH,Swan River,MB,,
HOLY FAMILY UKRAINIAN CATHOLIC PARISH,Winnipeg,MB,,
HOLY GHOST CHURCH,Winnipeg,MB,,
HOLY GHOST UKRAINIAN CATHOLIC PARISH,Beausejour,MB,,
HOLY GHOST UKRAINIAN CATHOLIC PARISH,Sandy Lake,MB,,
HOLY GHOST UKRAINIAN CATHOLIC PARISH,Winnipeg,MB,,
HOLY ROSARY CHURCH,Winnipeg,MB,,
Holy Temple WorldWide Ministries,Winnipeg,MB,204-930-5632,http://plus.google.com/118414818430875855711/about
HOLY TRINITY ANGLICAN CHURCH,Killarney,MB,204-523-8947,http://killarneyparishgroup.weebly.com
HOLY TRINITY CHURCH,Headingley,MB,,
HOLY TRINITY CHURCH,Winnipeg,MB,,
HOLY TRINITY CHURCH,Miniota,MB,,
HOLY TRINITY UKRAINIAN GREEK ORTHODOX CHURCH,Vita,MB,,
HOME STREET MENNONITE CHURCH,Winnipeg,MB,,
HOMEWOOD MENNONITE CHURCH,Carman,MB,,
HOPE CENTRE CHRISTIAN REFORMED CHURCH,Winnipeg,MB,,
HOPE CENTRE INC,Winnipeg,MB,,
Hope Church Blumenort,Blumenort,MB,,https://hopeblumenort.ca/
HOPE LUTHERAN CHURCH,Winnipeg,MB,,
HOPE MENNONITE CHURCH INC,Winnipeg,MB,,
House of Covenant International Church,Winnipeg,MB,,http://houseofcovenantchurch.org
House of Healing Apostolic Ministries ,Winnipeg,MB,204-218-2824,http://www.houseofhealingministries.com
House of Prayer,Easterville,MB,,
House of Prayer,Fairford,MB,,
House of Prayer,Grand Rapids,MB,,
House of Prayer,Koostatak,MB,,
House of Prayer,Little Grand Rapids,MB,,
House of Prayer,Peguis,MB,2046454177,
House of Prayer,Poplar River,MB,,
House of the Lord,Moose Lake,MB,,
HUNGARIAN UNITED CHURCH,Winnipeg,MB,,
IGLESIA NI CRISTO CHURCH OF CHRIST MANITOBA INC,Winnipeg,MB,,
IGLESIA PENTECOSTAL  UNIDA LATINOAMERICANA,Brandon,MB,2045960428,http://www.ipulcanada.com
IMMACULATE CONCEPTION CHURCH,Winnipeg,MB,,
IMMACULATE CONCEPTION CHURCH,Rivers,MB,,
IMMACULATE CONCEPTION PARISH,Fisher Branch,MB,,
IMMACULATE CONCEPTION UKRAINIAN CATHOLIC PARISH,Dugald,MB,,
IMMANUEL LUTHERAN CHURCH,Baldur,MB,,
IMMANUEL LUTHERAN CHURCH INCORPORATED,Winnipeg,MB,,
IMMANUEL PENTECOSTAL CHURCH,Winnipeg,MB,204.489.9000,http://www.ipcwinnipeg.org
IMMANUEL UNITED CHURCH,Winnipeg,MB,,
INTERLAKE FULL GOSPEL ASSEMBLY INCORPORATED,Komarno,MB,,
INTERLAKE MENNONITE FELLOWSHIP CHURCH,Arborg,MB,,
INTERNATIONAL CHRISTIAN FELLOWSHIP EVANGELICAL FREE CHURCH,Piney,MB,,
International Worship Centre,Winnipeg,MB,204.774.4478,http://www.iwcentre.com
ISABELLA UNITED CHURCH,Isabella,MB,,
Jackhead Miracle Chapel,Dallas,MB,,
JAPANESE ALLIANCE CHURCH,Winnipeg,MB,,
JOHN BLACK MEMORIAL UNITED CHURCH,Winnipeg,MB,,
JOHN XXIII PARISH CENTRE,Winnipeg,MB,,
JUBILEE MENNONITE CHURCH,Winnipeg,MB,,
JUSTICE UNITED CHURCH,Brandon,MB,,
KATERI TEKAKWITHA PARISH,Winnipeg,MB,,
Keeseekoowenin Sanctuary,Elphinstone,MB,204.859.2202,
KELWOOD-MCCREARY PASTORAL CHARGE,Mccreary,MB,,
KENTON-SHILOH UNITED CHURCH,Kenton,MB,,
KIL-CONA PARK ALLIANCE CHURCH,Winnipeg,MB,,
KILDONAN PRESBYTERIAN CHURCH,Winnipeg,MB,,
KILDONAN UNITED CHURCH,Winnipeg,MB,,
KILLARNEY FREE METHODIST CHURCH,Killarney,MB,,
KILLARNEY MENNONITE CHURCH,Killarney,MB,1-204-523-8959,http://www.killarneychurch.com
KILLARNEY PASTORAL CHARGE,Killarney,MB,,
KING'S UNITED CHURCH,Margaret,MB,,
Kingdom Family Chapel,Winnipeg,MB,1-204-930-1177,http://www.kingdomfamilychapel.ca
KINGSLEY UNITED CHURCH,Somerset,MB,,
KIRKFIELD PARK BAPTIST CHURCH,Winnipeg,MB,,
KIRKFIELD PARK UNITED CHURCH,Winnipeg,MB,,
Kleefeld Evangelical Mennonite Church,Kleefeld,MB,204-377-4773,http://www.kemc.net
KNOX PRESBYTERIAN CHURCH,Selkirk,MB,,
KNOX PRESBYTERIAN CHURCH,Stonewall,MB,,
KNOX PRESBYTERIAN CHURCH,Neepawa,MB,,
KNOX PRESBYTERIAN CHURCH,Winnipegosis,MB,,
KNOX UNITED CHURCH,Rossburn,MB,,
KNOX UNITED CHURCH,Winnipeg,MB,,
KNOX UNITED CHURCH,Brandon,MB,,
KNOX-ZION PRESBYTERIAN CHURCH,Carberry,MB,,
Kola Evangelical Mennonite Church,Kola,MB,204-556-2635,
L'EGLISE C R DE SAINT-BENOIT-LABRE,La Broquerie,MB,,
LA CORPORATION ARCHIEPISCOPALECATHOLIQUE ROMAINE DE ST-BONIFACE,Winnipeg,MB,,
LA CORPORATION EPISCOPALE CATHOLIQUE ROMAINE DE LA BAIE D'HUDSON,Churchill,MB,,
LA PAROISSE C R DE L'ASSOMPTION,Transcona,MB,,
LA PAROISSE C R DE LA STE FAMILLE,Winnipeg,MB,,
LA PAROISSE C R DE NOTRE DAME DE L'ASSOMPTION,South Junction,MB,,
LA PAROISSE C R DE NOTRE DAME DE L'ASSOMPTION,Mariapolis,MB,,
LA PAROISSE C R DE NOTRE DAME DE LA NATIVITE,Somerset,MB,,
LA PAROISSE C R DE NOTRE DAME DE LORETTE,Lorette,MB,,
LA PAROISSE C R DE NOTRE DAME DU LAC,Lac Du Bonnet,MB,,
LA PAROISSE C R DE SAINT-HYACINTHE,La Salle,MB,,
LA PAROISSE C R DE ST ADOLPHE,Saint Adolphe,MB,,
LA PAROISSE C R DE ST AGATHE,Sainte Agathe,MB,,
La Paroisse C R De St Anne,Ste Anne,MB,,
La Paroisse C R De St Antoine,Aubigny,MB,,
LA PAROISSE C R DE ST BONIFACE,Winnipeg,MB,,
LA PAROISSE C R DE ST CLAUDE,St. Claude,MB,,
LA PAROISSE C R DE ST DENIS,Haywood,MB,,
LA PAROISSE C R DE ST EMILE,Winnipeg,MB,,
LA PAROISSE C R DE ST EUGENE,St. Vital,MB,,
LA PAROISSE C R DE ST GERARD,Bruxelles,MB,,
LA PAROISSE C R DE ST JEAN BAPTISTE,St. Jean -Baptiste,MB,,
LA PAROISSE C R DE ST LEON,St. Leon,MB,,
LA PAROISSE C R DE ST PIE DE LETELLIER,Letellier,MB,,
LA PAROISSE C R DE ST PIERRE,St. Pierre-Jolys,MB,,
LA PAROISSE C R DE ST VIATEUR,Otterburne,MB,,
LA PAROISSE C R DE ST-ALEXANDRE,La Broquerie,MB,,
LA PAROISSE C R DE ST-LAURENT,St. Laurent,MB,,
LA PAROISSE C R DE STE MARIE,Saint Vital,MB,,
LA PAROISSE C R DES SS MARTYRES CANADIENS,St. Boniface,MB,,
LA PAROISSE C R DU PRECIEUX SANG,Winnipeg,MB,,
LA PAROISSE C.R. DE NOTRE-DAME-DE-LA-MISERICORDE,Ile-De-Chenes,MB,,
LA PAROISSE CR DE SAINT-MALO,St. Malo,MB,,
LAKE CENTRE MENNONITE CHURCH,Arborg,MB,,
LAKESIDE CHURCH OF GOD,Gimli,MB,,
LAKESIDE GOSPEL CHAPEL,Lundar,MB,,
LAKEVIEW CHAPEL,Kinosota,MB,,
LAKEVIEW MENNONITE BRETHREN CHURCH,Killarney,MB,,
LANDMARK CHRISTIAN FELLOWSHIP,Landmark,MB,,
LANGRUTH UNITED CHURCH,Langruth,MB,,
LAUDER UNITED CHURCH BOARD,Lauder,MB,,
LENORE PRESBYTERIAN CHURCH,Lenore,MB,,
LIBERTY TEMPLE INC,Winnipeg,MB,,
Lighthouse Church,Winkler,MB,(204) 332 1148,http://www.lighthousefaith.com
LILYFIELD UNITED CHURCH,Winnipeg,MB,,
LITTLE WOODY BAPTIST CHURCH,Swan River,MB,,
Living Gospel Church,Winnipeg,MB,204.775.7818,http://www.freewebs.com/mesayt/index.htm
LIVING WATER APOSTOLIC FELLOWSHIP INC,The Pas,MB,,
LIVING WORD TABERNACLE,Winnipegosis,MB,,
LIVING WORD TEMPLE,Winnipeg,MB,204-586-6858,http://www.livingwordwinnipeg.ca
LOCKPORT COMMUNITY CHURCH,Winnipeg,MB,,
LORETTE EVANGELICAL FREE CHURCH,Lorette,MB,,
LOWE FARM BERGTHALER MENNONITE CHURCH,Lowe Farm,MB,,
LUNDAR LUTHERAN CHURCH,Lundar,MB,,
LUTHERAN CHURCH OF CROSS,Morris,MB,,
LUTHERAN CHURCH OF THE GOOD SHEPHERD,Winnipeg,MB,,
LUTHERAN CHURCH OF THE REDEEMER,Winnipeg,MB,,
LUTHERAN CHURCH-CANADA,Winnipeg,MB,,
LUTHERAN COUNCIL IN CANADA,Winnipeg,MB,,
LYNN LAKE GOSPEL CHURCH,Lynn Lake,MB,,
MacGregor Evangelical Mennonite Church,Macgregor,MB,204-685-2293,http://www.macgregoremc.com
MACGREGOR PASTORAL CHARGE,Macgregor,MB,,
MANITOBA KOREAN PRESBYTERIAN CHURCH INC,Winnipeg,MB,,
MANITOBA-NORTHWESTERN ONTARIO SYNOD OF THE EVANGELICAL LUTHERAN CHURCH IN CANADA,Winnipeg,MB,,
MANITOU UNITED CHURCH,Manitou,MB,,
Many Rooms Church Community,Winnipeg,MB,204-779-2888,
MAPLES COMMUNITY CHURCH INC,Winnipeg,MB,,
MARANATHA EVANGELICAL FREE CHURCHTHE TRUSTEES OFA RELIGIOUS SOC IN THE CITY OF WINNIPEG,Winnipeg,MB,,
MARY MOTHER OF THE CHURCH RC PARISH,Winnipeg,MB,,
MATHER UNITED CHURCH,Mather,MB,,
MCCLURE UNITED CHURCH,Winnipeg,MB,,
MCCREARY GOSPEL CHURCH,Mccreary,MB,,
MCDERMOT AVENUE BAPTIST CHURCH,Winnipeg,MB,,
MCDIARMID DRIVE ALLIANCE CHURCH,Brandon,MB,,
MCIVOR AVENUE MENNONITE BRETHREN CHURCH,Winnipeg,MB,,
MCKENZIE UNITED CHURCH,Portage La Prairie,MB,,
MEADOW LEA UNITED CHURCH,Marquette,MB,,
MELITA PASTORAL CHARGE,Melita,MB,,
MELITA PRESBYTERIAN CHURCH,Melita,MB,,
MENNONITE BRETHERN CHURCH,Boissevain,MB,,
MENNONITE BRETHREN CHURCH,Winkler,MB,204-325-8322,http://www.winklermb.com
MENNONITE BRETHREN CHURCH OF JUSTICE,Justice,MB,,
MENNONITE BRETHREN CHURCH OF MANITOBA,Winnipeg,MB,,
MENNONITE BRETHREN CHURCH THE,Manitou,MB,,
MENNONITE CHURCH CANADA,Winnipeg,MB,,
MENNONITE CHURCH MANITOBA INC.,Winnipeg,MB,,
Mennville Evangelical Mennonite Church,Riverton,MB,204-378-2985,
MESSIAH LUTHERAN CHURCH WESTWOOD INC,Winnipeg,MB,,
MIAMI UNITED CHURCH,Miami,MB,,
MINIOTA UNITED CHURCH,Miniota,MB,,
Minnedosa Evangelical Covenant Church,Minnedosa,MB,867-2810,http://www.minnedosacovenantchurch.org
MINNEDOSA PASTORAL CHARGE,Minnedosa,MB,,
MINTO UNITED CHURCH,Minto,MB,,
MISSION BAPTIST CHURCH,Winnipeg,MB,,
MISSION STE THERESE DE L'ENFANT JESUS,Swan River,MB,,
MISSIONS CATHOLIQUES ROMAN CATHOLIC MISSIONS,Fort Alexander,MB,,
MITCHELL COMMUNITY FELLOWSHIP,Steinbach,MB,,
MOOSEHORN BAPTIST CHURCH,Moosehorn,MB,,
MORDEN ALLIANCE CHURCH,Morden,MB,,
MORDEN CHRISTIAN PROGRAMS COMMITTEE,Morden,MB,,
Morden Church of God,Morden,MB,204-822-5557,
Morris Fellowship Chapel,Morris,MB,204-746-2512,
MORRIS MENNONITE CHURCH,Morris,MB,,
MORRIS UNITED CHURCH,Morris,MB,,
Morweena Evangelical Mennonite Church,Arborg,MB,204-364-2356,
Mount Zion Church of God (7th Day),Winnipeg,MB,1 (204) 269-1813,http://mzchurchofgod.com/
MOUNTAIN VIEW CHURCH OF GOD IN CHRIST MENNONITE,Birnie,MB,,
MURRAY UNITED CHURCH,Portage La Prairie,MB,,
Neepawa First Baptist Church,Neepawa,MB,(204) 476-2853,http://www.fbcneepawa.org
NEEPAWA UNITED CHURCH,Neepawa,MB,,
NESS AVENUE BAPTIST CHURCH,Winnipeg,MB,,http://www.nessbaptist.com
NEW LIFE ASSEMBLY,Killarney,MB,204.523.7300,
NEW LIFE BAPTIST CHURCH,Stonewall,MB,,
NEW LIFE CENTRE,Dauphin,MB,,
NEW LIFE CHURCH,Lorette,MB,,
NEW LIFE COMMUNITY CHURCH,Brandon,MB,,
NEW LIFE COMMUNITY CHURCH INC,Selkirk,MB,,
NEW LIFE SANCTUARY,Headingley,MB,(204) 895-0704,http://www.newlifesanctuary.ca
NEW TESTAMENT CHURCH OF GOD INCORPORATED,Winnipeg,MB,,
NEWDALE UNITED CHURCH,Newdale,MB,,
NextGen Worship Centre,Winnipeg,MB,2046156398,http://nextgenworshipcentre.org
NINGA PRESBYTERIAN CHURCH,Boissevain,MB,,
NIVERVILLE MENNONITE CHURCH,Niverville,MB,,
NIVERVILLE UNITED CHURCH,Niverville,MB,,
NORDHEIM MENNONITE CHURCH,Winnipegosis,MB,,
North End Family Centre,Winnipeg,MB,204.582.7927,http://www.northendfamilycentre.org
NORTH KILDONAN MENNONITE BRETHREN CHURCH,Winnipeg,MB,,
NORTH KILDONAN MENNONITE CHURCH INC,Winnipeg,MB,,
NORTH KILDONAN UNITED CHURCH,Winnipeg,MB,,
NORTHMINSTER MEMORIAL UNITED CHURCH FLIN FLON-CREIGHTON PARISH,Flin Flon,MB,,
NORTHWEST INTERLAKE PASTORAL CHARGE,St. Martin,MB,,
NORWOOD UNITED CHURCH,Winnipeg,MB,,
NOTRE DAME PARISH,Ste Rose,MB,,
NOTRE DAME ROMAN CATHOLIC CHURCH,Selkirk,MB,,
OAK BANK BAPTIST CHURCH,Oakbank,MB,,
Oak Bluff Bible Church,Oak Bluff,MB,204-612-9623,http://www.oakbluffbiblechurch.com
OAK LAKE MENNONITE CHURCH,Oak Lake,MB,,
OAK LAKE UNITED CHURCH,Oak Lake,MB,,
OAK RIVER PASTORAL CHARGE,Oakriver,MB,,
OAKBANK CATHOLIC CHURCH,Oakbank,MB,,
OAKBANK UNITED CHURCH,Oakbank,MB,,
OAKNER UNITED CHURCH,Hamiota,MB,,
OAKVILLE UNITED CHURCH,Oakville,MB,,
OASIS COMMUNITY CHURCH INC.,Winnipeg,MB,,
OLD COLONY MENNONITE CHURCH OF MANITOBA,Winkler,MB,,
ONANOLE UNITED CHURCH,Erickson,MB,,
OSTENFELD LUTHERAN CHURCH,Anola,MB,,
OUR LADY OF FATIMA CHURCH,Winnipeg,MB,,
OUR LADY OF GUADALUPE MISSION,Amaranth,MB,,
OUR LADY OF HOPE ROMAN CATHOLIC CHURCH,Anola,MB,,
OUR LADY OF LOURDES CHURCH,Winnipeg,MB,,
OUR LADY OF MOUNT CARMEL PARISH,Carman,MB,,
OUR LADY OF PERPETUAL HELP CHURCH,Winnipeg,MB,,
OUR LADY OF SEVEN SORROWS PARISH,Camperville,MB,,
OUR LADY OF THE ANGELS CHURCH,Amaranth,MB,,
OUR LADY OF THE ASSUMPTION CHURCH,Carberry,MB,,
OUR LADY OF THE LAKE CHURCH,Winnipeg Beach,MB,,
OUR LADY OF THE NATIVITY PARISH,Mccreary,MB,,
OUR LADY OF THE SACRED HEART PARISH,The Pas,MB,,
OUR LADY OF THE SNOWS R C MISSIONS OF BERENS RIVER,Berens River,MB,,
OUR LADY OF VICTORY CHURCH,Winnipeg,MB,,
OUR SAVIOR LUTHERAN CHURCH,Winnipeg,MB,,
OXFORD ASSEMBLY,Virden,MB,204.748.1329,
Oxford House Pentecostal Church,Oxford House,MB,,
Pansy Chapel,Pansy,MB,204-434-6770,
PARADISE VILLAGE CHRISTIAN FELLOWSHIP CHURCH,Ste. Anne,MB,1-204-326-2254,
PARISH OF ALL SAINTS (VICTORIA),Stonewall,MB,,
PARISH OF OUR LADY OF SHILO-CFB SHILO,Shilo,MB,,
PARISH OF ST LUKE PEMBINA CROSSING,Manitou,MB,,
PARISH OF ST MARY MAGDALENE,Winnipeg,MB,,
PARISH OF ST PATRICK & ST JUDE,Winnipeg,MB,,
PARISH OF ST THOMAS BECKET INC,Winnipeg,MB,,
Parkside Gospel Church,Dauphin,MB,204-638-7380,
PAROISSE C R DE ST NORBERT LA,Winnipeg,MB,,
PAROISSE COEUR IMMACULE DE MARIE,St. Vital,MB,,
PAROISSE NOTRE-DAME DES VICTOIRES,Laurier,MB,,
PAROISSE SAINT-EUSTACHE PARISH,Elie,MB,,
PAROISSE ST FELIX DE VALOIS,Dunrea,MB,,
PAROISSE ST JEAN,Hartney,MB,,
PAROISSE ST-JOACHIM,La Broquerie,MB,,
Pathway Community Church,Winkler,MB,2043321616,http://www.pathwaycc.net
PEACE LUTHERAN CHURCH,Moosehorn,MB,,
PEACE LUTHERAN CHURCH,Winnipeg,MB,,
PEMBINA FELLOWSHIP,Morden,MB,,
Pembina Valley Baptist Church,Winkler,MB,(204) 325-5670,http://www.pembinavalleybaptistchurch.com
PENTECOSTAL ASSEMBLIES OF CANADA THE MANITOBA AND NORTH-WESTERN ONTARIO DIS,Winnipeg,MB,,
Pentecostal Assembly,Shamattawa,MB,,
Pentecostal Assembly,Skownan,MB,,
Pentecostal Chapel,Waasagomach Bay,MB,,
Pentecostal Church,Brochet,MB,,
Pentecostal Church,Dauphin River,MB,,
Pentecostal Tabernacle,Swan River,MB,204.734.3993,
PEOPLE'S FULL GOSPEL CHURCH INC,Winnipeg,MB,,
PEOPLES BIBLE CHURCH,Minitonas,MB,204.525.4828,
Pierson Bible Chapel,Pierson,MB,204-634-2315,
PILGRIM BAPTIST CHURCH,Winnipeg,MB,,
PILOT MOUND UNITED CHURCH,Pilot Mound,MB,,
PINAWA ALLIANCE CHURCH INC,Pinawa,MB,,
PINAWA CHRISTIAN FELLOWSHIP INC.,Pinawa,MB,,
PINAWA LUTHERAN CHURCH INC,Pinawa,MB,,
PINE CREEK GOSPEL HALL,Austin,MB,,
PINE FALLS PASTORAL CHARGE,Pine Falls,MB,,
PINE RIVER COUNTRY CHURCH,Grandview,MB,,
PINE RIVER EVANGELICAL CHURCH,Pine River,MB,,
PINE RIVER UNITED CHURCH,Pine River,MB,,
Pleasant Valley Evangelical Mennonite Church,Rosenort,MB,204-746-2376,http://www.pvchurch.ca
PLUMAS UNITED CHURCH,Plumas,MB,,
POPLAR POINT ALLIANCE CHURCH,Poplar Point,MB,,
POPLAR POINT UNITED CHURCH,Poplar Point,MB,,
PORTAGE ALLIANCE CHURCH,Portage La Prairie,MB,,
PORTAGE AVENUE MENNONITE BRETHREN CHURCH,Winnipeg,MB,,
Portage Breath of Life Church,Portage La Prairie,MB,2042402576,http://PortageBreathofLife.com
Portage Evangelical Church,Portage La Prairie,MB,204-857-4146,http://www.portagepec.ca
PORTAGE GOSPEL HALL,Portage La Prairie,MB,,
PORTAGE MENNONITE CHURCH,Portage La Prairie,MB,,
PORTUGUESE PENTECOSTAL CHURCH,Winnipeg,MB,204.582.8723,
Prairie Community Church,Portage La Prairie,MB,(204) 857-6826,
Prairie Grove Fellowship Chapel,Lorette,MB,204-878-4738,
PRAIRIE REFORMED CHURCH,Shoal Lake,MB,,
Prairie Rose Evangelical Mennonite Church,Landmark,MB,204-355-4511,http://www.mts.net/~premc
Prairie Vineyard Christian Fellowship,Portage La Prairie,MB,(204) 857-3839,
PRESBYTERY OF WINNIPEG PRESBYTERIAN CHURCH IN CANADA,Winnipeg,MB,,
PRINCE OF PEACE EVANGELICAL LUTHERAN CHURCH,Winnipeg,MB,,
PROVIDENCE REFORMED CHURCH OF WINNIPEG,Winnipeg,MB,,
R C CHAPLAINCY OF ST THOMAS MORE,Winnipeg,MB,,
R C CHURCH OF OUR LADY OF THE CYPRESS THE,Holland,MB,,
R C CHURCH OF SAINT MARY THE,Carman,MB,,
R C CHURCH OF THE SACRED HEART OF JESUS THE,St. Joseph,MB,,
R C EPISCOPAL CORPORATION OF KEEWATIN BISHOPS HOUSE,The Pas,MB,,
R C EPISCOPAL CORPORATION OF KEEWATIN CANADIAN MARTYRS PARIS,Cranberry Portage,MB,,
R C EPISCOPAL CORPORATION OF KEEWATIN ST ANN'S PARISH,Flin Flon,MB,,
R C EPISCOPAL CORPORATION SNOW LAKE CATHOLIC CHURCH,Snow Lake,MB,,
R C PARISH OF BLESSED SACRAMENT THE,Transcona,MB,,
R C PARISH OF CHRIST THE KING THE,Winnipeg,MB,,
R C PARISH OF HOLY CROSS THE,Winnipeg,MB,,
R C PARISH OF HOLY TRINITY THE,Tolstoi,MB,,
R C PARISH OF OUR LADY QUEEN OF POLAND THE,Beausejour,MB,,
R C PARISH OF SAINT ALEXANDER )IR( THE,Fort Alexander,MB,,
R C PARISH OF SAINT ANDREW BOBOLA THE,Winnipeg,MB,,
R C PARISH OF ST ALPHONSE THE,St. Alphonse,MB,,
R C PARISH OF ST ALPHONSUS THE,Winnipeg,MB,,
R C PARISH OF ST AUGUSTINE,Whitemouth,MB,,
R C PARISH OF ST JOHN BERCHMANS THE,Holland,MB,,
R C PARISH OF ST JOSEPH THE WORKER THE,Winnipeg,MB,,
R C PARISH OF ST MAURICE THE,St. Boniface,MB,,
R C PARISH OF ST MICHAEL THE,Dugald,MB,,
R C PARISH OF ST STANISLAUS THE,East Selkirk,MB,,
R C PARISH OF THE HOLY REDEEMER THE,Winnipeg,MB,,
R C PARISH OF THE SACRED HEART THE,Garson Quarry,MB,,
RAPID CITY UNITED CHURCH,Rapid City,MB,,
RCCG Solution Sanctuary,Winnipeg,MB,2045999594,https://www.rccgsolutionsanctuary.com
RED RIVER BAPTIST CHURCH,Winnipeg,MB,,
RED RIVER VALLEY JUNIOR ACADEMY,Winnipeg,MB,,
REDEEMER LUTHERAN CHURCH,Whitemouth,MB,,
REDEEMER LUTHERAN CHURCH,Winnipeg,MB,,
REDEEMER LUTHERAN CHURCH,The Pas,MB,,
REDEEMER LUTHERAN CHURCH,Brandon,MB,,
REGENTS PARK UNITED CHURCH,Winnipeg,MB,,
REINLAND MENNONITEN GEMEINDE OF MANITOBA,Rosenfeld,MB,,
Reserve Fellowship Chapel,Bradwardine,MB,,
RESTON-PIPESTONE PASTORAL CHARGE,Reston,MB,,
REVERENDS PERES OBLATS PAROISSE ST AMBROISE,St. Ambroise,MB,,
REVERENDS PERES OBLATS RETRAITES FERMEES VILLA MARIA,St. Norbert,MB,,
Revival & Restoration House of Prayer,Berens River,MB,,
RICHMOND GOSPEL FELLOWSHIP,Winnipeg,MB,,
RICHMOND PARK MENNONITE BRETHREN CHURCH,Brandon,MB,,
Ridgewood Evangelical Mennonite Church,Steinbach,MB,204-326-2957,http://www.ridgewoodchurchonline.com
River City Church,Winnipeg,MB,204-333-9400,http://www.rivercityonline.net
RIVER EAST MENNO-GEMEINDE INC,Winnipeg,MB,,
RIVER EAST MENNONITE BRETHREN CHURCH,Winnipeg,MB,,
RIVER NORTH BAPTIST CHURCH,Winnipeg,MB,,
RIVERCREST UNITED CHURCH,West St. Paul,MB,,
Rivers Community Church,Rivers,MB,204-328-7882,http://none at this time
RIVERS PASTORAL CHARGE,Rivers,MB,,
Riverton Gospel Chapel,Riverton,MB,204-378-2203,
Riverwood Church Community,Winnipeg,MB,(204) 668-3181,http://www.riverwood.cc
ROBLIN CONGREGATION CHURCH OF GOD IN CHRIST MENNONITE,Roblin,MB,,
ROBLIN EVANGELICAL MISSION CHURCH INC,Roblin,MB,,
ROBLIN PASTORAL CHARGE,Roblin,MB,,
Rockridge House of Prayer,Rockridge,MB,,
ROLAND UNITED CHURCH,Roland,MB,,
ROMAN CATHOLIC ARCHIEPISCOPAL CORPORATION OF WINNIPEG,Winnipeg,MB,,
ROMAN CATHOLIC PARISH OF SAINT TIMOTHY,Winnipeg,MB,,
ROSEAU RIVER BAPTIST CHURCH,Roseau River,MB,,
Roseisle Evangelical Mennonite Church,Roseisle,MB,204-828-3242,
ROSEISLE PENTECOSTAL CHURCH,Roseisle,MB,204.828.3421,
Rosenburg Christian Fellowship,Arborg,MB,204-378-0552,http://www.rosenburgchurch.com
Rosenort Evangelical Mennonite Church,Rosenort,MB,204-746-8519,http://rosenortemc.com/
Rosenort Fellowship Chapel,Rosenort,MB,204-746-8360,
ROSEWOOD CONGREGATION OF THE CHURCH OF GOD IN CHRIST MENNONITE,Ste-Anne,MB,,
ROSS UNITED CHURCH,Whitemouth,MB,,
ROSSBURN ALLIANCE CHURCH OF THE CHRISTIAN AND MISSIONARY ALLIANCE IN CANADA,Rossburn,MB,,
ROSSER UNITED CHURCH,Rosser,MB,,
Rossville Pentecostal Church,Norway House,MB,,
ROWANDALE BAPTIST CHURCH,Winnipeg,MB,,
RUSSELL ALLIANCE CHURCH,Russell,MB,,
RUSSIAN GREEK ORTHODOX HOLY TRINITY CATHEDRAL,Winnipeg,MB,,
RUSSIAN ORTHODOX CHURCH OF THE HOLY RESURRECTION THE,Winnipeg,MB,,
RUSSIAN-UKRAINIAN EVANGELICAL CHRISTIAN CHURCH,Benito,MB,,
RUTHENIAN GREEK CATHOLIC PARISH OF SVIATOHO DUCHA (HOLY GHOST),Ethelbert,MB,,
SACRED HEART CHURCH,Roblin,MB,,
SACRED HEART CHURCH,Swan River,MB,,
SACRED HEART OF JESUS UKRAINIAN CATHOLIC CHURCH,Arborg,MB,,
SACRED HEART PARISH,Virden,MB,,
SACRED HEART PARISH,Erickson,MB,,
SACRED HEART UKRAINIAN CATHOLIC CHURCH,Gimli,MB,,
SACRED HEART UKRAINIAN CATHOLIC PARISH,Rossburn,MB,,
SAI BABA CENTRE OF MANITOBA INC,Winnipeg,MB,,
SAINT JAMES LUTHERAN CHURCH,Winnipeg,MB,204 837-8268,
SAINT JOSEPH'S POLISH NATIONALCATHOLIC CHURCH,Selkirk,MB,,
SAINT NICHOLAS ORTHODOX CHURCH,Sandy Lake,MB,,
SAINTE-RITA PARISH,Transcona,MB,,
SALEM MENNONITE BRETHERN CHURCH,Winnipeg,MB,,
SALT Community of Believers,Anola,MB,204 268 1350,
SALVATION ARMY - HAMPTON CITADEL CORPS THE,Winnipeg,MB,,
SALVATION ARMY BRANDON CORPS THE,Brandon,MB,,
SALVATION ARMY EAST KILDONAN CORPS,Winnipeg,MB,,
SALVATION ARMY MANITOBA & NORTH WEST ONTARIO DIVISIONAL HEADQUARTERS THE,Winnipeg,MB,,
SALVATION ARMY PORTAGE LA PRAIRIE CORPS THE,Portage La Prairie,MB,,
SALVATION ARMY THE PAS CORPS THE,The Pas,MB,,
SALVATION ARMY THOMPSON CORPS THE,Thompson,MB,,
SALVATION ARMY WESTON CORPS THE,Winnipeg,MB,,
SALVATION ARMY-HERITAGE PARK TEMPLE CORPS,Winnipeg,MB,,
SARGENT AVENUE MENNONITE CHURCH,Winnipeg,MB,,
Saturday Night Church,Landmark,MB,204-355-4289,
SCHOENFELDER MENNONITE CHURCH INC,St. Franc-Xavr,MB,,
Seine River Church,Lorette,MB,204-878-0068,http://www.seineriverchurch.ca/
SELKIRK CHURCH OF THE CHRISTIAN AND MISSIONARY ALLIANCE,Selkirk,MB,,
SELKIRK COMMUNITY CHURCH MENNONITE BRETHREN INC,Selkirk,MB,,
SELKIRK UNITED CHURCH,Selkirk,MB,,
SHAUGHNESSY UNITED CHURCH,Winnipeg,MB,,
SHERWOOD ASSEMBLY OF GOD,Winnipeg,MB,,
Sherwood Park Church of God,Winnipeg,MB,204-667-2168,
SHERWOOD PARK LUTHERAN CHURCH,Winnipeg,MB,,
SHOAL LAKE-DECKER PASTORAL CHARGE,Shoal Lake,MB,,
SILVER HEIGHTS UNITED CHURCH,Winnipeg,MB,,
Slavic Baptist Church,Steinbach,MB,,http://www.sbc.okis.ru/
SNOW LAKE ANGLICAN-UNITED CHURCH,Snow Lake,MB,,
SNOW LAKE CHRISTIAN CENTRE FELLOWSHIP,Snow Lake,MB,,
Solid Rock Church,Swan River,MB,2014-734-9425,http://www.srchurch.ca
Somerset Bible Chapel,Somerset,MB,204-744-2157,
Soul Sanctuary,Winnipeg,MB,(204) 226-2324,http://www.soulsanctuary.ca
SOURIS GOSPEL CHAPEL,Souris,MB,,
SOUTH PARK MENNONITE BRETHREN CHURCH,Altona,MB,,
SOUTHDALE COMMUNITY BAPTIST CHURCH INC,Winnipeg,MB,,
SOUTHLAND COMMUNITY CHURCH,Steinbach,MB,,http://www.mysouthland.com
SOUTHLANDS COMMUNITY CHURCH OF THE SALVATION ARMY,Winnipeg,MB,,
SOUTHMINSTER PRESBYTERIAN CHURCH,Brandon,MB,,
Southside Bible Church,Winnipeg,MB,204-253-6831,
SOUTHWEST INTERLAKE PASTORAL CHARGE,Erksdale,MB,,
SPARLING UNITED CHURCH,Winnipeg,MB,,
SPRAGUE BAPTIST CHURCH,Sprague,MB,,
SPRINGFIELD COMMUNITY CHURCH INC,Oakbank,MB,,
SPRINGFIELD HEIGHTS MENNONITE CHURCH,Winnipeg,MB,,
Springs Church,Winnipeg,MB,(204) 233-7003,http://www.springschurch.com
Springs Church,Steinbach,MB,1(204) 326-3477,http://springschurch.com/steinbach
Springs Church,Selkirk,MB,1(204)233-7003,http://springschurch.com/selkirk
SPRINGSTEIN MENNONITE CHURCH,Springstein,MB,,
ST AGNES' ANGLICAN CHURCH,Carberry,MB,204-834-2471,http://www.anglican-ccpa.com/
ST ALDHELM'S CHURCH,Swan River,MB,,
ST ALPHONSUS CHURCH,Neepawa,MB,,
ST ANDREW S PRESBYTERIAN CHURCH,Winnipeg,MB,,
ST ANDREW'S CHURCH,Deloraine,MB,204-523-8947,http://killarneyparishgroup.weebly.com
ST ANDREW'S MISSION DIOCESE OF KEEWATIN,Gillam,MB,,
ST ANDREW'S PRESBYTERIAN CHURCH,Flin Flon,MB,,
ST ANDREW'S PRESBYTERIAN CHURCH,Thompson,MB,,
ST ANDREW'S PRESBYTERIAN CHURCH,Virden,MB,,
ST ANDREW'S PRESBYTERIAN CHURCH,Brandon,MB,,
ST ANDREW'S RIVER HEIGHTS UNITED CHURCH,Winnipeg,MB,,
ST ANDREW'S UKRAINIAN CATHOLIC PARISH,Winnipeg,MB,,
ST ANDREW'S UNITED CHURCH,Emerson,MB,,
ST ANDREW'S UNITED CHURCH,Glenella,MB,,
ST ANDREW'S UNITED CHURCH,Ninette,MB,,
ST ANDREW'S UNITED CHURCH (HARGRAVE),Virden,MB,,
ST ANDREWS UNITED CHURCH,Elm Creek,MB,,
ST ANDREWS UNITED CHURCH,La Riviere,MB,,
ST ANDREWS UNITED CHURCH,Swan River,MB,,
ST ANN'S CHURCH,Winnipeg,MB,,
ST ANNE UKRAINIAN CATHOLIC CHURCH,Winnipeg,MB,,
ST ANNE'S ANGLICAN CHURCH,Winnipeg,MB,,
ST ANNE'S CHURCH,Swan River,MB,,
ST ANNE'S POPLAR POINT,Poplar Pont,MB,,
ST ANTHONY OF PADUA CHURCH,Winnipeg,MB,,
ST ANTONINUS PARISH,Deloraine,MB,,
ST AUGUSTINE OF CANTERBURY PARISH,Brandon,MB,,
ST BARNABAS ANGLICAN CHURCH,Altamont,MB,,
ST BARTHOLOMEW ANGLICAN CHURCH,Winnipeg,MB,,
ST BARTHOLOMEWS ANGLICAN CHURCH,Gimli,MB,,
ST BASIL'S UKRAINIAN CATHOLIC PARISH,Winnipeg,MB,,
ST BEDE'S CHURCH,Winnipeg,MB,,
ST BENEDICT'S PARISH,Gimli,MB,,
ST CATHERINE'S CHURCH,East St. Paul,MB,,
ST CECILIA'S CHURCH (MISSION OF STONEWALL),Stonewall,MB,,
ST CHARLES PARISH,Winnipeg,MB,,
ST CHRISTOPHER R C CHAPEL,Winnipeg,MB,,
ST CLAIRE PARISH,San Clara,MB,,
ST CLEMENT'S CHURCH,Selkirk,MB,,
ST COLUMBA'S PARISH,Swan River,MB,,
ST DOMINIC PARISH,Neepawa,MB,,
ST EDWARD THE CONFESSOR CHURCH,Winnipeg,MB,,
ST ELIE ORTHODOX CHURCH,Russell,MB,,
ST ELLEN'S CHURCH,Swan River,MB,,
ST ERIK'S CHURCH,Eriksdale,MB,,
ST FRANCIS DE SALES MANITOBA CATHOLIC CHURCH OF THE DEAF,Winnipeg,MB,,
ST FRANCOIS XAVIER PARISH,St. Francois Xavier,MB,,
ST GEORGE'S CHURCH,Woodlands,MB,,
ST GEORGE'S CHURCH,Westbourne,MB,,
ST GEORGE'S CHURCH,Winnipeg,MB,,
ST GEORGE'S CHURCH,Winnipeg,MB,,
ST GEORGE'S WAKEFIELD ANGLICAN CHURCH,Clandeboye,MB,,
ST GEORGES ROMANIAN ORTHODOX PARISH,Winnipeg,MB,,
ST GERARD PARISH,Winnipeg,MB,,
ST GREGORY'S CHURCH PILOT MOUND,Pilot Mound,MB,,
ST HEDWIG'S PARISH,Brandon,MB,,
ST HELEN'S CHURCH,Shoal Lake,MB,,
ST HELEN'S HOUSE (MISSION CHURCH),Winnipeg,MB,,
ST JAMES AND ST STEPHENS CHURCH,Foxwarren,MB,,
ST JAMES ANGLICAN CHURCH,Thompson,MB,,
ST JAMES ANGLICAN CHURCH DIOCESE OF RUPERT'S LAND,Beausejour,MB,,
ST JAMES CHURCH,Dunrea,MB,,
ST JAMES GOSPEL CHAPEL,Winnipeg,MB,,
ST JAMES PRESBYTERIAN CHURCH,Winnipeg,MB,,
ST JAMES' CHURCH,Neepawa,MB,,
ST JOHN BREBEUF CHURCH,Winnipeg,MB,,
ST JOHN CANTIUS CHURCH,Winnipeg,MB,,
ST JOHN EVANGELICAL LUTHERAN CHURCH,Snow Lake,MB,,
ST JOHN EVANGELICAL LUTHERAN CHURCH,Rosenfeld,MB,,
ST JOHN THE BAPTIST CHURCH,Manitou,MB,,
ST JOHN THE BAPTIST ROMAN CATHOLIC CHURCH,Hadashville,MB,,
ST JOHN THE BAPTIST UKRAINIAN CATHOLIC CHURCH SILVER MANITOBA,Arborg,MB,,
ST JOHN THE EVANGELIST PARISH,Morden,MB,,
ST JOHN VIANNEY CHURCH (MISSION OF STONEWALL),Stonewall,MB,,
ST JOHN'S ANGLICAN CHURCH,Lac Du Bonnet,MB,,
ST JOHN'S ANGLICAN CHURCH FISHERTON,Fisher Branch,MB,,
ST JOHN'S CHURCH,Kelwood,MB,,
ST JOHN'S CHURCH,Minnedosa,MB,,
ST JOHN'S CHURCH,Elgin,MB,,
ST JOHN'S CHURCH,Reston,MB,,
ST JOHN'S EVANGELICAL LUTHERAN CHURCH,Beausejour,MB,,
ST JOHN'S EVANGELICAL LUTHERAN CHURCH,Winnipeg,MB,,
ST JOHN'S EVANGELICAL LUTHERAN CHURCH,Beausejour,MB,,
ST JOHN'S PRESBYTERIAN CHURCH,Winnipeg,MB,,
ST JOHN'S ROMANIAN ORTHODOX CHURCH SHELL VALLEY,Roblin,MB,,
ST JOSAPHAT'S UKRAINIAN CATHOLIC PARISH,Winnipeg,MB,,
ST JOSEPH THE WORKER PARISH,Russell,MB,,
ST JOSEPH'S CHURCH,Winnipeg,MB,,
ST JOSEPH'S PARISH,Stony Mountain,MB,,
ST JOSEPH'S PARISH,Ste Rose,MB,,
ST JOSEPH'S UKRAINIAN CATHOLICPARISH,Thompson,MB,,
ST JOSEPHS POLISH NATIONAL CATHOLIC CHURCH,Brandon,MB,,
ST JUDE'S CHURCH,Grand Marais,MB,,
ST LAWRENCE PARISH,Thompson,MB,,
ST LUKE'S CHURCH,Strathclair,MB,,
ST LUKE'S CHURCH,Souris,MB,,
ST LUKE'S CHURCH,Cormorant,MB,,
ST LUKE'S CHURCH,Oakville,MB,,
ST LUKE'S CHURCH,Winnipeg,MB,,
ST LUKE'S ZION LUTHERAN CHURCH,Winnipeg,MB,,
ST MARGARET'S CHURCH,Winnipeg,MB,,
ST MARGARET'S CHURCH,Grandview,MB,,
ST MARIA GORETTI PARISH,Lynn Lake,MB,,
ST MARK COPTIC ORTHODOX CHURCH INC,Winnipeg,MB,,
ST MARK'S,Baldur,MB,,
ST MARK'S CHURCH,Winnipeg,MB,,
ST MARK'S CHURCH,Treherne,MB,,
ST MARK'S CHURCH,Minnedosa,MB,,
ST MARK'S LUTHERAN CHURCH INC,Winnipeg,MB,,
ST MARTIN-IN-THE-FIELDS,Winnipeg,MB,,
ST MARY THE VIRGIN,Virden,MB,,
ST MARY'S CHURCH,Manitou,MB,,
ST MARY'S CHURCH,Swan River,MB,,
ST MARY'S PARISH,Souris,MB,,
ST MARY'S PARISH,Birtle,MB,,
ST MARY'S POLISH NATIONAL CATHOLIC CHURCH,Winnipeg,MB,,
ST MARY'S UKRAINIAN CATHOLIC PARISH,Flin Flon,MB,,
ST MARY'S UKRAINIAN CATHOLIC PARISH,Brandon,MB,,
ST MARYS LA PRAIRIE ANGLICAN CHURCH,Portage La Prairie,MB,,
ST MARYS UKRAINIAN CATHOLIC CHURCH,Eden,MB,,
ST MATTHEW MANITOU,Manitou,MB,,
ST MATTHEW'S ANGLICAN CHURCH,Boissevain,MB,204-523-8947,http://killarneyparishgroup.weebly.com
ST MATTHEW'S CATHEDRAL,Brandon,MB,,
ST MATTHEW'S CHURCH,Gilbert Plains,MB,,
ST MATTHEWS LUTHERAN CHURCH,Roblin,MB,,
ST MICHAEL AND ALL ANGELS,Ninette,MB,,
ST MICHAEL AND ALL ANGELS CHURCH,Winnipeg,MB,,
ST MICHAEL UKRAINIAN CATHOLIC CHURCH OF VENLAW,Dawson,MB,,
ST MICHAEL'S AND ALL ANGELS,Mccreary,MB,,
ST MICHAEL'S CHURCH,Grosse Isle,MB,,
ST MICHAEL'S PARISH,Gimli,MB,,
ST MICHAEL'S UKRAINIAN CATHOLIC PARISH,Winnipeg,MB,,
ST MICHAEL'S UKRAINIAN CATHOLIC PARISH,Roblin,MB,,
ST NICHOLAS UKRAINIAN CATHOLIC PARISH,Fisher Branch,MB,,
ST NICHOLAS UKRAINIAN CATHOLIC PARISH,Winnipeg,MB,,
ST OLAF'S PARISH,Eriksdale,MB,,
ST PATRICK'S CHURCH,Winnipeg,MB,,
ST PAUL LUTHERAN CHURCH,Seven Sisters Falls,MB,,
ST PAUL LUTHERN CHURCH,Steinbach,MB,,
ST PAUL S UNITED CHURCH,Graysville,MB,,
ST PAUL THE APOSTLE CHURCH,Winnipeg,MB,,
ST PAUL'S ANGLICAN CHURCH,Rathwell,MB,,
ST PAUL'S ANGLICAN CHURCH,Wawanesa.man,MB,,
ST PAUL'S ANGLICAN CHURCH,Benito,MB,,
ST PAUL'S ANGLICAN CHURCH,Swan River,MB,,
ST PAUL'S ANGLICAN CHURCH,Dauphin,MB,,
ST PAUL'S CHURCH,Shoal Lake,MB,,
ST PAUL'S CHURCH,Clearwater,MB,,
ST PAUL'S CHURCH,Winnipeg,MB,,
ST PAUL'S EVANGELICAL LUTHERAN CHURCH,Beausejour,MB,,
ST PAUL'S LUTHERAN CHURCH,Dominion City,MB,,
ST PAUL'S LUTHERAN CHURCH,Mccreary,MB,,
ST PAUL'S PRESBYTERIAN CHURCH,Hartney,MB,,
ST PAUL'S UNITED CHURCH,Morden,MB,,
ST PAUL'S UNITED CHURCH,Souris,MB,,
ST PAULS EVANGELICAL LUTHERAN CHURCH,Brunkild,MB,,
ST PAULS UNITED CHURCH,Boissevain,MB,,
ST PAULS UNITED CHURCH,Virden,MB,,
ST PETER & PAUL UKRAINIAN CATHOLIC CHURCH,Anola,MB,,
ST PETER & PAUL UKRAINIAN GREEK ORTHODOX CHURCH,Elphinstone,MB,,
ST PETER AND PAUL UKRAINIAN CATHOLIC CHURCH OF FRASERWOOD MANITOBA,Fraserwood,MB,,
ST PETER AND ST JAMES ANGLICAN CHURCH,Flin Flon,MB,,
ST PETER LUTHERAN CHURCH,Teulon,MB,,
ST PETER'S CHURCH,Balmoral,MB,,
ST PETER'S CHURCH,Winnipeg,MB,,
ST PHILIP NERI CHURCH,Arborg,MB,,
ST PHILIPPHE MINH PARISH,Winnipeg,MB,,
ST PIERRE BIBLE FELLOWSHIP CHURCH INC,St. Pierre,MB,,
ST SIMON'S CHURCH,Lynn Lake,MB,,
ST STEPHEN'S BROADWAY UNITED CHURCH,Winnipeg,MB,,
ST STEPHEN'S CHURCH,Glenboro,MB,,
ST STEPHENS ANGLICAN CHURCH,Winnipeg,MB,,
ST THERESA'S CHURCH,West St. Paul,MB,,
ST THOMAS AQUINAS CHURCH,Camperville,MB,,
ST THOMAS CHURCH,Winnipeg,MB,,
ST THOMAS' CHURCH,Rapid City,MB,,
ST VITAL CHURCH,Winnipeg,MB,,
St Vital Evangelical Mennonite Church,Winnipeg,MB,204-256-9480,http://www.svemc.org
ST VITAL UNITED CHURCH,Winnipeg,MB,,
ST. ANDREWS ON THE RED,St. Andrews,MB,,
St. John's Cathedral,Winnipeg,MB,204-586-8385,http://www.stjohnscathedral.ca
ST. PAUL'S,Macgregor,MB,(204) 685-2193,
St. Peters Evangelical Lutheran Church,Winnipeg,MB,204 775-6477,http://stpeterslutheran.ca
St.David's the Faithful (Continuing Anglican),Winnipeg,MB,(204) 223-8658,http://www.stdavidsthefaithful.com
STARBUCK UNITED CHURCH,Starbuck,MB,,
STE ROSE DE LIMA PARISH,Ste Rose Du Lac,MB,,
STEINBACH MENNONITE BRETHREN CHURCH,Steinbach,MB,,
STEINBACH MENNONITE CHURCH,Steinbach,MB,,
STEINBACH UNITED CHURCH,Steinbach,MB,,
STERLING MENNONITE FELLOWSHIP,Winnipeg,MB,,
STONEWALL CHRISTIAN ASSEMBLY,Stonewall,MB,,
STONEWALL PASTORAL CHARGE,Stonewall,MB,,
Stony Brook Fellowship,Steinbach,MB,204-346-9129,http://www.stonybrookfellowship.com
STRATHCLAIR BAPTIST CHURCH,Strathclair,MB,,
STRATHCLAIR UNITED CHURCH,Strathclair,MB,,
STS ANDREW AND MARGARET PARISH,West St. Paul,MB,,
STS GABRIEL & MARCIEN R C CHAPEL,Falcon Lake,MB,,
STS PETER AND PAUL UKRAINIAN CATHOLIC PARISH,Winnipeg,MB,,
STS SIMON AND JUDE CHURCH,Erickson,MB,,
STUARTBURN GOSPEL CHAPEL,Stuartburn,MB,,
STURGEON CREEK UNITED CHURCH,Winnipeg,MB,,
SWAN RIVER VALLEY MENNONITE CHURCH INC,Durban,MB,,
TABERNACLE BAPTIST CHURCH,Winnipeg,MB,,
TABERNACLE OF THE LORD INC,Brandon,MB,,
TABOR BAPTIST CHAPEL,Winnipeg,MB,,
TEMPLE BAPTIST CHURCH,Swan River,MB,,
Templo De Alabanza Y Adoracion Inc.,Winnipeg,MB,204.772.9215,
TEULON GOSPEL TABERNACLE,Balmoral,MB,,
TEULON UNITED CHURCH,Teulon,MB,,
THE BERGTHALER MENNONITE CHURCH OF ROSENFELD,Rosenfeld,MB,,
THE BETHANY EVANGELICAL LUTHERN CHURCH,Inglis,MB,,
THE CHRISTIAN ASSEMBLY CHURCH OF PORTAGE LA PRAIRIE,Portage La Prairie,MB,,
THE CHURCH AT SIDNEY,Sidney,MB,,
THE CHURCH AT WINKLER,Winkler,MB,,
The Church of Jesus Christ of Latter-Day Saints,Thompson,MB,Doug Burkman,
The ConneXion,Arborg,MB,204-376-5857,http://www.theconnexionchurch.com
THE DIOCESE OF RUPERT'S LAND,Winnipeg,MB,,
THE EAST BRAINTREE COMMUNITY CHURCH,East Braintree,MB,,
THE EVANGELICAL LUTHERAN CHURCH OF THE CROSS OF LAC DU BONNET MANITOBA INC,Lac Du Bonnet,MB,,
THE FIRST LUTHERAN CHURCH OF WINNIPEG MANITOBA,Winnipeg,MB,,
THE FULL GOSPEL MISSION PENIEL INC,Sprague,MB,,
The Gate Church Community,Brandon,MB,2047203502,http://brandongate.ca
The King's Fellowship,Winnipeg,MB,204 779 0075,http://thekingsfellowship.com
THE KIRKFIELD PARK BAPTIST CHURCH OF ASSINIBOIA,Winnipeg,MB,,
THE MANITOBA CAMP BOARD OF THE CHURCH OF THE NAZARENE,Winnipeg,MB,,
THE MEETING PLACE FELLOWSHIP INC,Winnipeg,MB,,
THE PAS ALLIANCE CHURCH,The Pas,MB,,
THE PAS CHRISTIAN FELLOWSHIP,The Pas,MB,,
THE R C CHURCH OF CORPUS CHRISTI,East Selkirk,MB,,
THE R C CHURCH OF OUR LADY OF MOUNT CARMEL,Powerview,MB,,
THE R C CHURCH OF ST JOHN FISHER,Winnipeg,MB,,
THE R C PARISH OF PINAWA,Pinawa,MB,,
The River Church,Winnipeg,MB,,
THE SALVATION ARMY - CAMP WOODLANDS,Winnipeg,MB,,
THE SALVATION ARMY FLIN FLON CORPS,Flin Flon,MB,,
THE SALVATION ARMY NEEPAWA CORPS,Brandon,MB,,
THE SHILOH APOSTOLIC TABERNACLE OF CANADA,Winnipeg,MB,,
THE SYNOD OF THE DIOCESE OF BRANDON,Brandon,MB,,
THE UKRAINIAN CATHOLIC EPISCOPAL CORPORATION OF MANITOBA,Winnipeg,MB,,
THE UKRAINIAN CATHOLIC PARISH OF STS. PETER AND PAUL AT RORKETON MANITOBA,Rorketon,MB,,
THE UKRAINIAN CATHOLIC PARISH OF THE SACRED HEART OF JESUS,Erickson,MB,,
THE UNITED CHURCH IN MEADOWOOD,Winnipeg,MB,,
The Upper Room,Winnipeg,MB,,
THE WALDINE TRUST,Winnipeg,MB,,
THE WESTSIDE COMMUNITY CHURCH MENNONITE BRETHREN,Morden,MB,,
THIRD CROSSING CHAPEL INC,Gladstone,MB,,
THOMPSON PENTECOSTAL ASSEMBLY,Thompson,MB,204.677.3435,http://thompson.paoc.net
Thompson Seventh-Day Adventist Church,Thompson,MB,,
TRANSCONA ALLIANCE CHURCH,Winnipeg,MB,,
TRANSCONA CHRISTIAN REFORMED CHURCH,Winnipeg,MB,,
TRANSCONA MEMORIAL UNITED CHURCH,Winnipeg,MB,,
Treesbank Community Church,Wawanesa,MB,204-824-2268,
TREHERNE PASTORAL CHARGE,Treherne,MB,,
TRINITY BAPTIST CHURCH,Winnipeg,MB,,
TRINITY LUTHERAN CHURCH,Winkler,MB,,
TRINITY LUTHERAN CHURCH,Swan River,MB,,
TRINITY LUTHERAN CHURCH,Dauphin,MB,,
TRINITY LUTHERAN CHURCH,Starbuck,MB,,
TRINITY LUTHERAN CHURCH,Inglis,MB,,
TRINITY LUTHERAN CHURCH,Stead,MB,,
TRINITY LUTHERAN CHURCH - WINNIPEG INC,Winnipeg,MB,,
TRINITY MENNONITE FELLOWSHIP,Cartwright,MB,,
TRINITY UNITED CHURCH,Winnipeg,MB,,
TRINITY UNITED CHURCH,Portage La Prairie,MB,,
TRINITY UNITED CHURCH,Elkhorn,MB,,
TRUSTEES OF BERGTHALER MENNONITE CHURCH RELIG SOC IN VILLAGEOF PLUM COULEE IN PROV MANITOB,Plum Coulee,MB,,
TRUSTEES OF GLADSTONE CHRISTIAN FELLOWSHIP,Gladstone,MB,,
TRUSTEES OF THE ALTONA EVANGELICAL FREE CHURCH,Altona,MB,,
TRUSTEES OF THE ROMAN CATHOLIC PARISH OF ST. NICHOLAS TAVELICH,Winnipeg,MB,,
TRUSTEES OF THE STEINBACH CHRISTIAN FELLOWSHIP CHURCHMENNONITEREL SOC TOWN STEIN PROV MB,Steinbach,MB,,
TRUSTEES OF THE UKRAINIAN GREEK ORTHODOX CATHEDRAL OF SAINT MARY THE PROTECTRESSIN THE CITY OF WINN,Winnipeg,MB,,
TRUSTEES OF THE UKRAINIAN GREEK ORTHODOX CONGREGATION OF ALL SAINTS AT GRANDVIEW MANITOBA,Grandview,MB,,
UKRAINIAN BAPTIST CHURCH,Winnipeg,MB,,
UKRAINIAN CATHOLIC CHURCH OF HOLY TRINITY PARISH-MINK CREEK,Ethelbert,MB,,
UKRAINIAN CATHOLIC CHURCH OF ST JOSAPHAT,Shoal Lake,MB,,
UKRAINIAN CATHOLIC CHURCH OF ST VLADIMIR & OLHA,Angusville,MB,,
UKRAINIAN CATHOLIC CHURCH OF STS PETER AND PAUL,Ethelbert,MB,,
UKRAINIAN CATHOLIC CHURCH OF THE HOLY GHOST,The Pas,MB,,
UKRAINIAN CATHOLIC CHURCH OF THE NATIVITY OF THE BLESSED VIRGIN MARY,Vita,MB,,
UKRAINIAN CATHOLIC COUNCIL OF MANITOBA,Winnipeg,MB,,
UKRAINIAN CATHOLIC MISSION OF THE MOST HOLY REDEEMER,Winnipeg,MB,,
UKRAINIAN CATHOLIC PARISH OF HOLY ASCENSION,Winnipegosis,MB,,
UKRAINIAN CATHOLIC PARISH OF ST JOHN THE APOSTLE,St. Vital,MB,,
UKRAINIAN CATHOLIC PARISH OF ST JOHN THE BAPTISTE,Neepawa,MB,,
UKRAINIAN CATHOLIC PARISH OF THE ASCENSION OF OUR LORD,Shortdale,MB,,
UKRAINIAN CATHOLIC PARISH OF THE ASSUMPTION,Portage La Prairie,MB,,
UKRAINIAN CATHOLIC PARISH OF THE ASSUMPTION OF BLESSED VIRGIN MARY,Russell,MB,,
UKRAINIAN CATHOLIC PARISH OF THE ASSUMPTION OF THE BLESSED VIRGIN MARY,Winnipeg,MB,,
UKRAINIAN CATHOLIC PARISH OF THE BLESSED VIRGIN MARY OF PROTECTION OF ROSSDALE,Lockport,MB,,
UKRAINIAN CATHOLIC PARISH OF THE RESURRECTION,Dauphin,MB,,
UKRAINIAN GREEK ORTHODOX CHURCH OF ST MARY,Winnipeg,MB,,
UKRAINIAN GREEK ORTHODOX CHURCH OF ST MICHAELS,Sandy Lake,MB,,
UKRAINIAN GREEK ORTHODOX CONGREGATION OF ASSUMPTION OF ST MARY,The Pas,MB,,
UKRAINIAN ORTHODOX CATHEDRAL OF ST IVAN SUCHAVSKY,Winnipeg,MB,,
UKRAINIAN ORTHODOX CHURCH OF ALL SAINTS WINNIPEG,Winnipeg,MB,,
UKRAINIAN ORTHODOX CHURCH OF CANADA,Winnipeg,MB,,
UKRAINIAN ORTHODOX CHURCH OF HOLY GHOST PETLURA,Shortdale,MB,,
UKRAINIAN ORTHODOX CHURCH OF HOLY TRANSFIGURATION MENZIE,Oakburn,MB,,
UKRAINIAN ORTHODOX CHURCH OF HOLY TRINITY LENNARD,Russell,MB,,
UKRAINIAN ORTHODOX CHURCH OF ST ELIAH ROSSBURN,Rossburn,MB,,
UKRAINIAN ORTHODOX CHURCH OF ST GEORGE DAUPHIN,Dauphin,MB,,
UKRAINIAN ORTHODOX CHURCH OF ST JOHN ROBLIN,Roblin,MB,,
UKRAINIAN ORTHODOX CHURCH OF ST JOHN'S DRIFTING RIVER,Gilbert Plains,MB,,
UKRAINIAN ORTHODOX CHURCH OF ST MICHAEL GARDENTON,Gardenton,MB,,
UKRAINIAN ORTHODOX CHURCH OF ST NICHOLAS GONOR,Selkirk,MB,,
UKRAINIAN ORTHODOX CHURCH OF ST NICHOLAS PORTAGE LA PRAIRIE,Portage La Prairie,MB,,
UKRAINIAN ORTHODOX CHURCH OF ST STEPHEN PLEASANT HOME,Teulon,MB,,
UKRAINIAN ORTHODOX CHURCH OF ST VLADIMIR OAKBURN,Oakburn,MB,,
UKRAINIAN ORTHODOX CHURCH OF ST. MARY THE PROTECTRESS,Rorketon,MB,,
UKRAINIAN ORTHODOX CHURCH OF ST. MICHAEL,Winnipeg,MB,,
UKRAINIAN ORTHODOX CHURCH OF STS PETER AND PAUL,Rosa,MB,,
UKRAINIAN ORTHODOX CHURCH OF STS PETER AND PAUL,Ashville,MB,,
UKRAINIAN ORTHODOX CHURCH OF STS PETER AND PAUL SARTO,Steinbach,MB,,
UKRAINIAN ORTHODOX CHURCH OF STS VLADIMIR AND OLGA GILBERT PLAINS,Gilbert Plains,MB,,
UKRAINIAN ORTHODOX CHURCH OF THE HOLY CROSS PINE RIVER,Winnipegosis,MB,,
UKRAINIAN ORTHODOX CONGREGATION OF HOLY ASCENSION,Swan River,MB,,
UKRAINIAN ORTHODOX CONGREGATION OF ST MICHAEL,Gilbert Plains,MB,,
UKRAINIAN ORTHODOX METROPOLITAN CATHEDRAL HOLY TRINITY WINNIPEG,Winnipeg,MB,,
UKRANIAN ORTHODOX CHURCH OF HOLY ASCENSION ANGUSVILLE,Angusville,MB,,
UKRANIAN ORTHODOX CHURCH OF HOLY GHOST BRANDON,Brandon,MB,,
UNION GOSPEL MISSION,Winnipeg,MB,,
UNITED MENNONITE CHURCH,Thompson,MB,,
UNITED PENTICOSTAL CHURCH OF ST MALO INC,St. Malo,MB,,
VALLEY EVANGELICAL COVENANT CHURCH INC,Durban,MB,,
VICTORY CHURCH OF GOD,Winnipeg,MB,,
VIETNAMESE MENNONITE CHURCH,Winnipeg,MB,,
Village Vineyard,Winnipeg,MB,204-996-8701,http://villagevineyard.ca/
VIRDEN ALLIANCE CHURCH,Virden,MB,,
VITA BIBLE CHURCH,Vita,MB,,
WALLACE UNITED CHURCH,Virden,MB,,
WANLESS COMMUNITY CHURCH COMMITTEE,Wanless,MB,,
WARREN UNITED CHURCH,Marquette,MB,,
Wasahahk Gospel Church,God's Lake Narrows,MB,,
WASKADA PASTORAL CHARGE,Waskada,MB,,
Waverley Church,Winnipeg,MB,204-261-8013,http://waverleychurch.ca
WAWANESA PASTORAL CHARGE,Wawanesa,MB,,
Waywayseecappo Gospel Church,Waywayseecappo,MB,(204) 859-2495,http://www.facebook.com/#!/groups/WaywayGospelChurch/
West End Christian Community,Winnipeg,MB,2047799322,http://www.weccwinnipeg.ca
WEST END GOSPEL HALL,Winnipeg,MB,,
WEST HAWK UNITED CHURCH,Falcon Lake,MB,,
WESTMINSTER UNITED CHURCH,Winnipeg,MB,,
WESTON GOSPEL CHURCH,Winnipeg,MB,,
WESTWOOD COMMUNITY CHURCH - MENNONITE BRETHREN,Winnipeg,MB,,
WESTWOOD PRESBYTERIAN CHURCH,Winnipeg,MB,,
WESTWORTH UNITED CHURCH,Winnipeg,MB,,
WHITEMOUTH CHURCH OF GOD IN CHRIST ( MENNONITE ),Elma,MB,,
WHITESHELL BAPTIST CHURCH,Seven Sisters Falls,MB,,
WHYTE RIDGE BAPTIST CHURCH INC,Winnipeg,MB,,
WIDE WORLD OF FAITH CHURCHINC,Winnipeg,MB,,
Willowdale Fellowship Church,Dugald,MB,1-204-268-4324,
WILLOWLAKE BAPTIST CHURCH INC.,Winnipeg,MB,,
WINDSOR PARK CHRISTIAN COMMUNITY,Winnipeg,MB,,
WINDSOR PARK UNITED CHURCH,Winnipeg,MB,,
WINGHAM MENNONITE CHURCH,Elm Creek,MB,,
WINKLER BERGTHALER MENNONITE CHURCH,Winkler,MB,,
WINKLER EVANGELICAL MENNONITE MISSION CHURCH,Winkler,MB,,
Winkler Mennonite Church ,Winkler,MB,204-325-5411,http://wmchurch.ca
Winnipeg Centre Vineyard Christian Fellowship,Winnipeg,MB,(204) 582-2900,
WINNIPEG CHINESE ALLIANCE CHURCH,Winnipeg,MB,,
WINNIPEG CHINESE MENNONITE BRETHREN CHURCH,Winnipeg,MB,,
WINNIPEG CHURCH OF GOD (7TH DAY),Winnipeg,MB,,http://churchofgodwinnipeg.over-blog.com/
WINNIPEG EVANGELICAL FREE CHURCH,Winnipeg,MB,,
WINNIPEG FULL GOSPEL CHURCH INC,Winnipeg,MB,,
Winnipeg Korean Full Gospel Church,Winnipeg,MB,(204) 663-0951,http://www.wkfgc.org
WINNIPEG PRESBYTERY (UNITED CHURCH OF CANADA) CHURCH DEVELOPMENT INC.,Winnipeg,MB,,
Winnipeg South Vineyard Christian Fellowship,Winnipeg,MB,(204) 453-3163,
Women Baptist Ministries,Winnipeg,MB,1-204 999 3042,http://www.abmcanada.org
WORD ALIVE CHURCH INC,Birtle,MB,,
WORD OF LIFE CHURCH THOMPSON,Thompson,MB,,
Worldwide Church of God,Dauphin,MB,,
Worldwide Church of God,Winnipeg,MB,(204) 654-3217,
YOUNG UNITED CHURCH,Winnipeg,MB,,
ZION APOSTOLIC CHURCH OF WINNIPEG INC,Winnipeg,MB,,
ZION CALVIN UNITED CHURCH,Darlingford,MB,,
ZION EVANGELICAL LUTHERAN CHURCH,Morden,MB,,
ZION EVANGELICAL LUTHERAN CHURCH FRIEDENSTHAL,Ridgeville,MB,,
ZION EVANGELICAL LUTHERAN CHURCH INCORPORATED,Beausejour,MB,,
ZION LUTHERAN CHURCH,Plumas,MB,,
Zion Pentecostal Church,Rivers,MB,,http://www.rivers.paoc.net
