Église De L Espoir D Edmundston,Edmundston,NB,,
Église De L'Espoir D'Edmundston,Edmundston,NB,,
ABUNDANT LIFE CHRISTIAN CENTER INC,Meductic,NB, ,http:// 
ALBERT AND RIVERSIDE UNITED BAPTIST CHURCH,Riverside-Albert,NB,,
ALBERT MINES UNITED BAPTIST CHURCH,Edgetts Landing,NB,,
ALL SAINTS ANGLICAN CHURCH,St. Andrews,NB,,
ALL SAINTS CHURCH PARISH OF EAST SAINT JOHN,Saint John,NB,,
ALLISON UNITED BAPTIST CHURCH,Allison,NB,,
ALMA UNITED BAPTIST CHURCH,Alma,NB,,
ANAGANCE RIDGE UNITED CHURCH,Anagance,NB,,
ANAGANCE STA UNITED CHURCH,Anagance,NB,,
ANDERSONVILLE BAPTIST CHURCH,Andersonville,NB,,http://andersonvillebaptist.org
ANDOVER KINCARDINE PASTORAL CHARGE,Perth-Andover,NB,,
ANDREW DONALD PASTORAL CHARGE,Salt Springs,NB,,
ANGLICAN CHURCH OF CANADA ANGLICAN PARISH OF GRAND MANAN,Grand Manan,NB,,
ANGLICAN CHURCH OF CANADA PARISH OF NEW BANDON,Salmon Beach,NB,,
ANGLICAN CHURCH OF CANDA PARISH OF KENT,Rexton,NB,,
ANGLICAN CHURCH PARISH OF DENMARK,New Denmark,NB,,
ANGLICAN CHURCH PARISH OF RICHMOND,Belleville,NB,,
ANGLICAN PARISH OF BRIGHT (ANGLICAN CHURCH OF CANADA),Zealand,NB,0123456799,http://joess.net
ANGLICAN PARISH OF CHATHAM,Miramichi,NB,,
ANGLICAN PARISH OF CHRIST CHURCH,Campbellton,NB,,
ANGLICAN PARISH OF LUDLOW & BLISSFIELD,Doaktown,NB,,
ANGLICAN PARISH OF MINTO AND CHIPMAN,Minto,NB,,
ANGLICAN PARISH OF RIVERVIEW,Riverview,NB,,
ANGLICAN PARISH OF SALISBURY & HAVELOCK,Petitcodiac,NB,,
ANGLICAN PARISH OF ST STEPHEN,St. Stephen,NB,,
ANGLICAN PARISH OF WESTFIELD,Grand Bay - Westfield,NB,,
ANGLICAN PARISH OF WICKLOW WILMOT AND PEEL,Bristol,NB,,
Apohaqui Community Church,Apohaqui,NB,(506) 433-8323,http://www.accweb.ca/index.php?option=com_content&view=article&id=59&Itemid=58
APOHAQUI UNITED BAPTIST CHURCH,Apohaqui,NB,,
APOHAQUI/NORTON/KINGS KIRK PASTORAL CHARGE,Belleisle Creek,NB,,
APOSTOLIC BIBLE CHURCH (UNITED PENTECOSTAL CHURCH),Bathurst,NB,,
APOSTOLIC FULL GOSPEL ASSEMBLY OF CROSS CREEK INC,Greenhill,NB,(506) 367 2970,
APOSTOLIC LIGHTHOUSE TABERNACLE,Jacksonville,NB,,
APOSTOLIC MISSION INC,Pennfield,NB,,
APOSTOLIC PENTECOSTAL CHURCH OF SAINT JOHN NEW BRUNSWICK,Quispamsis,NB,,
AROOSTOOK UNITED BAPTIST CHURCH,Perth-Andover,NB,,
ASSEMBLEE BAPTISTE D'EDMUNDSTON,St. Jacques,NB,,
ASSEMBLEE EVANGELIQUE BAPTISTE NEPISIGUIT INC,Dunlop,NB,,
ASSUMPTION PARISH,Saint John,NB,,
ASSUMPTION PARISH,Plaster Rock,NB,,
ATLANTIC DISTRICT OF THE WESLEYAN CHURCH,Moncton,NB,,
AYLMER MARANATHA FULL GOSPEL FELLOWSHIP,Wickham,NB,,
BACK BAY CHURCH OF CHRIST OR CHRISTIAN CHURCH,Back Bay,NB,,
BALTIMORE UNITED BAPTIST CHURCH,Hillsborough,NB,,
BARNESVILLE PRESBYTERIAN CHURCH,Barnesville,NB,,
BARNESVILLE SEVENTH-DAY ADVENTIST CHURCH,Upham,NB,,
BATH UNITED BAPTIST CHURCH,Beechwood,NB,,
BATHURST PASTORAL CHARGE,Bathurst,NB,,
BAYSIDE UNITED BAPTIST CHURCH,Bayside,NB,,
Bayview Pentecostal Church,New Bandon,NB,506.546.3057,
BAYVIEW UNITED BAPTIST CHURCH,Bathurst,NB,,
BEAR ISLAND UNITED BAPTIST CHURCH,Bear Island,NB,,
BEAVER HARBOUR UNITED BAPTIST CHURCH,Beaver Harbour,NB,,
BEECHWOOD UNITED BAPTIST CHURCH,Maplehust,NB,,
BELLEISLE CREEK BAPTIST CHURCH,Belleisle Creek,NB,,
BERRY MILLS UNITED BAPTIST CHURCH,Berry Mills,NB,,
BETHANY INDEPENDENT BAPTIST CHURCH INC,Little Lepreau,NB,,
BETHANY LUTHERAN CHURCH,New Denmark,NB,,
BETHANY PENTECOSTAL CHURCH,Saint John,NB,,
Bethel Baptist Church,Pine Glen,NB,506-387-4022,http://bethelbaptistpineglen.ca
BETHEL BAPTIST CHURCH INDEPENDENT,Minto,NB,,
BETHEL BAPTIST CHURCH OF PINE GLEN INC,Pine Glen,NB,,
BETHEL FULL GOSPEL FELLOWSHIP INC,Mill Cove,NB,,
BETHEL PENTECOSTAL ASSEMBLY,Woodstock,NB,506.328.2872,
BETHEL PENTECOSTAL CHURCH,Mill Cove,NB,,
BETHEL PRESBYTERIAN CHURCH,Riverview,NB,,
BETHEL UNITED CHURCH,Miramichi,NB,,
BLISSFIELD UNITED BAPTIST CHURCH,Blissfield,NB,,
BLISSVILLE UNITED BAPTIST CHURCH,Hoyt,NB,,
BOCABEC UNITED CHURCH,Bocabec,NB,,
BOIESTOWN PASTORAL CHARGE,Ludlow,NB,,
BOIESTOWN PENTECOSTAL CHURCH INC,Boiestown,NB,,
Boom Road Pentecostal Church,Boom Road,NB,506.836.2609,
BRENTWOOD UNITED BAPTIST CHURCH,Moncton,NB,,
BRISTOL UNITED BAPTIST CHURCH,Bristol,NB,,
BROOKVILLE UNITED CHURCH,Saint John,NB,,
BRUNSWICK STREET UNITED BAPTIST CHURCH,Fredericton,NB,,
BURTTS CORNER CHURCH OF CHRIST INC,Burtts Corner,NB,,
BURTTS CORNER UNITED BAPTIST CHURCH,York County,NB,,
BYNON MEMORIAL UNITED BAPTIST CHURCH,Canaan Station,NB,,
C.L.C. MINISTRIES,Saint John W.,NB,506-367-OOO7,
CALHOUN UNITED BAPTIST CHURCH,Meadowbrook,NB,,
CALVARY BAPTIST CHURCH,Miramichi,NB,,
CALVARY BAPTIST CHURCH INDEPENDENT,Fredericton,NB,,
CALVARY BAPTIST CHURCH INDEPENDENT,Moncton,NB,,
CALVARY PENTECOSTAL CHURCH,Sussex,NB,,
CALVARY PENTECOSTAL LIGHTHOUSE INC,Hoyt,NB,,
CALVARY TABERNACLE INC,Perth Andover,NB,,
CALVARY TEMPLE,Saint John,NB,506.634.1688,http://www.calvarytemplesj.com/
CALVARY UNITED BAPTIST FRANCISM MCLEAN MEMORIAL CHURCH,Blacks Harbour,NB,,
CALVARY UNITED PENTECOSTAL CHURCH,Woodstock,NB,,
CALVARY UNITED PENTECOSTAL CHURCH,Salisbury,NB,,
CALVIN PRESBYTERIAN CHURCH,Chatham,NB,,
CAMBRIDGE SECOND UNITED BAPTIST CHURCH,Codys,NB,,
CANADA ATLANTIC DISTRICT CHURCH OF THE NAZARENE,Moncton,NB,,
CARLTON-KIRK UNITED CHURCH,Saint John,NB,,
CARROLL'S UNITED BAPTIST CHURCH,Doaktown,NB,,
CASSIDY LAKE CENTRE OF THE SAINT JOHN PRESBYTERY OF THE UNITED CHURCH OF CANADA INC,Rothesay,NB,,
CASTALIA UNITED BAPTIST CHURCH,Grand Manan,NB,,
CATHEDRAL OF THE IMMACULATE CONCEPTION,Saint John,NB,,
CATHEDRALE DE L'IMMACULEE-CONCEPTION,Edmundston,NB,,
CATHEDRALE DU SACRE-COEUR,Bathurst,NB,,
CATHEDRALE N D DE L'ASSOMPTION,Moncton,NB,,
CENTENARY QUEEN SQUARE UNITED CHURCH,Saint John,NB,,
CENTRAL NORTON UNITED BAPTIST CHURCH,Bloomfield,NB,,
CENTRAL UNITED CHURCH,Moncton,NB,,
CENTRAL WESLEYAN CHURCH,Grand Manan,NB,,
CENTRAL WICKHAM BAPTIST CHURCHINC,Wickham,NB,,
CENTRE CHRETIEN EVANGELIQUE,Beresford,NB,506.547.0988,
CENTRE DE LA NOUVELLE VIE,Grand Falls,NB,506.473.5804,
Centre Nouvelle Vie,Shediac,NB,506.532.2836,
CENTREVILLE BAPTIST CHURCH,Centreville,NB,(506) 276-3290,
CENTREVILLE PASTORAL CHARGE,Centreville,NB,,
CHANCE HARBOUR UNITED BAPTIST CHURCH,Chance Harbour,NB,,
CHAPEL OF THE LIVING WATER,Tracy,NB,,
CHERRYFIELD UNITED BAPTIST CHURCH,Stilesville,NB,,
CHIPMAN FIRST UNITED BAPTIST CHURCH,Chipman,NB,,
CHIPMAN SECOND UNITED BAPTIST CHURCH,Chipman,NB,,
CHRIST CHURCH CORPORATION,Fredericton,NB,,
CHRIST CHURCH ELMSVILLE,Elmsville,NB,,
CHRISTIAN CENTRE CHURCH,Zealand,NB,,
CHRISTIAN LIFE CENTER,Chipman,NB,,
CHRISTIAN RESOURCE CENTRE (FREDERICTON) INC,Hanwell,NB,,
CHRISTIANS GATHERED IN THE NAME OF OUR LORD JESUS CHRIST COMMONLY KNOWN AS BRETH,Keswick Ridge,NB,,
CHRISTIANS GATHERED IN THE NAME OF THE LORD JESUS CHRIST KNOWN AS CHRISTIAN BRETHREN,Moncton,NB,,
CHURCH OF CHRIST,Lords Cove,NB,,
CHURCH OF CHRIST,Scoudouc,NB,,
CHURCH OF CHRIST AT ST GEORGE,St. George,NB,,
CHURCH OF CHRIST DORN RIDGE,Burtts Corner,NB,,
CHURCH OF ST JAMES THE LESS,Rothesay,NB,,
CHURCH OF THE GOOD SHEPHERD,Saint John W.,NB,506 635 8145,http://www.goodshepherd.ca
Church of the Nazarene,Fredericton,NB,505-452-0225,
Church of the Nazarene,Fredericton,NB,505-452-0225,
CLOVERDALE UNION CHURCH,Cloverdale,NB,,
COLDSTREAM UNITED BAPTIST CHURCH,Coldstream,NB,,
COLE'S ISLAND UNITED BAPTIST CHURCH,Youngs Cove,NB,,
Coles Island Pentecostal Church,Coles Island,NB,506.362.1249,
Collina Baptist,Collina,NB,5064334855,
COLLINA UNITED BAPTIST CHURCH,Lower Millstream,NB,,
COLPITTS UNITED CHURCH,Riverview,NB,,
COMMUNAUTE CHRETIENNE DU CARREFOUR BEAUSOLEIL,Miramichi,NB,,
CORNERSTONE PENTECOSTAL CHURCH INC,Fredericton,NB,,
CORPORATION OF CHRIST CHURCH (ANGLICAN),Woodstock,NB,,
CORPORATION OF ST THOMAS CHURCH,Stanley,NB,,
CORPORATION OF THE ANGLICAN PARISH OF GAGETOWN,Gagetown,NB,,
CORPORATION OF TRINITY CHURCH,Saint John,NB,,
COVENANT REFORMED PRESBYTERIAN CHURCH OF NEWCASTLE INC,Miramichi,NB,,
COVERDALE UNITED CHURCH,Riverview,NB,,
CRESCENT VALLEY GOSPEL CENTRE,Saint John,NB,,
CROSS CREEK BAPTIST CHURCH INC,Cross Creek,NB,,
CROSS ROADS CATHEDRAL INC,Saint John,NB,,
CUMBERLAND BAY BAPTIST CHURCH,Cumberland Bay,NB,,
CURRYVILLE UNITED CHURCH,Curryville,NB,,
DALHOUSIE PASTORAL CHARGE,Point La Nim,NB,,
DAWSON SETTLEMENT UNITED BAPTIST CHURCH,Dawson Sett,NB,,
DEVON PARK BAPTIST CHURCH,Fredericton,NB,,
DIPPER HARBOUR UNITED BAPTIST CHURCH,Dipper Harbour,NB,,
DOAKTOWN PASTORAL CHARGE,Doaktown,NB,,
DORCHESTER UNITED CHURCH,Dorchester,NB,,
DOUGLAS AVENUE CHRISTIAN CHURCH,Saint John,NB,,
DOUGLAS UNITED BAPTIST CHURCH,Fredericton,NB,,
DOUGLASTOWN PASTORAL CHARGE,Miramichi,NB,,
DOVER UNITED BAPTIST CHURCH,Memramcook,NB,,
DOW SETTLEMENT UNITED BAPTIST CHURCH,Dow Settlement,NB,,
DUNDAS UNITED BAPTIST CHURCH,Irishtown,NB,,
DUTCH VALLEY UNITED BAPTIST CHURCH,Sussex Corner,NB,,
EDITH AVENUE UNITED BAPTIST CHURCH,Saint John East,NB,,
EEL RIVER LAKE UNITED BAPTIST CHURCH,North Lake,NB,,
EGLISE APOSTOLIQUE DE JESUS-CHRIST INC,St. Anne-Madaw,NB,,
EGLISE BAPTISTE CHALEUR,Atholville,NB,5067533887,
EGLISE BAPTISTE EVANGELIQUE DE GRAND-SAULT,Grand Sault,NB,,
EGLISE BAPTISTE FRANCAISE DE MONCTON,Moncton,NB,,
EGLISE BAPTISTE FRANCAISE DE RICHIBOUCTOU,Richibucto,NB,,
Eglise Chretienne De Pentecote,Edmundston,NB,506.739.9280,
EGLISE CHRETIENNE EVANGELIQUE BAPTISTE DE TRACADIE INC,St. Irenee,NB,,
Eglise Du Plein Evangile,Bouctouche,NB,506.743.8162,
Eglise Du Saint-Esprit,Edmundston,NB,506-735-5843,http://www.eglisedusaintesprit.com
Eglise Evangelique De La Pentecote,Pokemouche,NB,506.727.5053,http://eglisepentecote.synthasite.com/
Eglise Nouvelle Esperance,Dieppe,NB,506.384.7894,http://www.nouvelleesperance.ca
ELGIN FIRST UNITED BAPTIST CHURCH,Elgin,NB,,
ELGIN SECOND UNITED BAPTIST CHURCH,Parkindale,NB,,
ELGIN THIRD UNITED BAPTIST CHURCH,Riverview,NB,,
EMMANUEL BAPTIST CHURCH,Moncton,NB,506-853-7339,http://emmanuelbaptistchurch.ca
EMMANUEL CHURCH,Windsor,NB,,
ERB'S COVE UNITED BAPTIST CHURCH,Erb's Cove,NB,,
EVANGEL ASSEMBLY,Sussex,NB,506.433.1476,http://evangelsussex.ca
EVANGEL PENTECOSTAL ASSEMBLY,Fredericton,NB,506.472.4367,http://evangelnb.ca
Evangel Pentecostal Assembly,Simonds,NB,506.375.4730,http://www.evangelhartland.com/
EVANGEL PENTECOSTAL CHURCH,Bathurst,NB,506.546.2172,
FAIRFIELD UNITED BAPTIST CHURCH,Fairfield,NB,506-833-4503,http://www.stmartinsbaptist.blogspot.ca/
FAIRHAVEN UNITED BAPTIST CHURCH,Fairhaven,NB,,
FAITH ASSEMBLY (MONCTON) INC,Moncton,NB,,
FAITH UNITED BAPTIST CHURCH,New Maryland,NB,,
FAMILY WORSHIP CENTER / APOSTOLIC PENTECOSTAL CHURCH,Plaster Rock,NB,(506) 356-8690,http://www.familyworship.ca
FERGUSON PRESBYTERIAN CHURCH,Derby,NB,,
FIRST BAPTIST CHURCH CAMPBELLTON N B,Campbellton,NB,,
FIRST BIBLE BAPTIST CHURCH,Quispamsis,NB,,
FIRST CAMBRIDGE UNITED BAPTIST CHURCH,Lower Cambridge,NB,,
FIRST CHURCH OF THE NAZARENE,Moncton,NB,506 858-9308,http://monctonfirst.com
FIRST HARVEY UNITED BAPTIST CHURCH,Harvey on the Bay,NB,,
FIRST KINGSCLEAR UNITED BAPTIST CHURCH,Island View,NB,,
FIRST LANCASTER UNITED BAPTIST CHURCH,Saint John,NB,,
First Moncton United Baptist Church,Moncton,NB,506-857-1113,http://www.firstmoncton.com
FIRST PENTECOSTAL CHURCH (DOAKTOWN) INC,Doaktown,NB,,
FIRST REVIVAL PENTECOSTAL CHURCH INC,Upper Queensbury,NB,,
FIRST UNITED BAPTIST CHURCH,Dorchester,NB,,
FIRST UNITED CHURCH,Campbellton,NB,,
FIRST UNITED CHURCH,Murray Corner,NB,,
FIRST UNITED PENTECOSTAL CHURCH OF NOONAN,Noonan,NB,,
FIRST WESLEYAN CHURCH,Fredericton,NB,,
FIRST WESLEYAN CHURCH,Saint John,NB,,
FIVE POINTS UNITED BAPTIST CHURCH,Upper Coverdale,NB,,
FLORENCEVILLE PASTORAL CHARGE,Florenceville,NB,,
FLORENCEVILLE UNITED BAPTIST CHURCH,Florenceville,NB,,
FOREST CITY UNITED BAPTIST CHURCH,Forest City,NB,,
FOREST GLEN UNITED BAPTIST CHURCH,Elgin,NB,,
FOREST HILL PASTORAL CHARGE,Fredericton,NB,,
FOREST HILLS UNITED BAPTIST CHURCH,Saint John,NB,,
FOSTERVILLE UNITED BAPTIST CHURCH,Fosterville,NB,,
Fredericton Christian Reformed Church,Fredericton,NB,5064726450,http://www.frederictoncrc.com
Fredericton Church of the Nazarene,Fredericton,NB,(506) 442-1682,http://www.frednaz.ca
Fredericton Church of the Nazarene,Fredericton,NB,506-452-0225,http://frederictonnazarene.com/
FREDERICTON JUNCTION UNITED BAPTIST CHURCH,Fredericton Junction,NB,,
Fredericton Korean Church,Fredericton,NB,506 455 1212,http://none
FREDERICTON SEVENTH DAY ADVENTIST CHURCH,Fredericton,NB,,
FREE WILL BAPTIST CHURCH OF BRISTOL,Bristol,NB,,
FREE WILL BAPTIST CHURCH OF HOLMESVILLE,Bath,NB,,
FREE WILL BAPTIST CHURCH OF LANSDOWNE,Peel,NB,,
FREE WILL BAPTIST CHURCH OF LERWICK,Tilley,NB,,
FREE WILL BAPTIST CHURCH OF PLASTER ROCK,Plaster Rock,NB,,
FREE WILL BAPTIST CHURCH OF STICKNEY,Stickney Carleton Co,NB,,
FREE WILL BAPTIST CHURCH OF UPPER BRIGHTON,Upper Brighton,NB,,
FREE WILL BAPTIST CHURCH OF WAKEFIELD,Wakefield,NB,,
FREE WILL BAPTIST CHURCH OF WILMOT,Mount Delight,NB,,
FRENCH LAKE UNITED BAPTIST CHURCH,French Lake,NB,,
FULL GOSPEL ASSEMBLY,Saint John,NB,,
Full Gospel Assembly,Kiillam's Mills,NB,506.756.8436,http://www.fullgospelassembly.ca/Home.html
Full Gospel Assembly- (Church By Design),Saint John,NB,506 633-4956,http://www.fullgospel.ca
FULL GOSPEL CHAPEL,Chaplin Island Rd,NB,,
Full Gospel Church,Cumberland Bay,NB,506-863-8377,http://full gospel church of cumberland bay (facebook)
Full Gospel Country Church,Nash Creek,NB,506.237.5940,
FULL GOSPEL PENTECOSTAL CHURCH OF NEW ZION INC,New Zion,NB,,
FUNDAMENTAL BAPTIST CHURCH,Chipman,NB,,
Gateway Assembly,Campbellton,NB,506.753.4612,
GEARY UNITED BAPTIST CHURCH,Geary,NB,,
GERMAIN STREET UNITED BAPTIST CHURCH,Saint John,NB,,
GIBSON MEMORIAL UNITED CHURCH,Fredericton,NB,,
Glad Tidings Pentecostal Church,Moncton,NB,506.858.1016,http://www.gtmoncton.com/
GLASSVILLE-JUNIPER PASTORAL CHARGE,Divide,NB,,
GOOD SHEPHERD EVANGELICAL LUTHERAN CHURCH MONCTON N B,Moncton,NB,,
Gospel Light Baptist Church,Bathurst,NB,506-350-1611,http://www.gospellightbathurst.org
GRACE BAPTIST CHURCH INC,Good Corner,NB,,
GRACE CHRISTIAN FELLOWSHIP INC,Miramichi,NB,,
Grace Memorial Baptist Church,Fredericton,NB,506-458-8527,http://www.grace.nb.ca
GRACE PRESBYTERIAN CHURCH,Millerton,NB,,
GRAFTON UNITED BAPTIST CHURCH,Grafton,NB,,
GRAND BAY UNITED BAPTIST CHURCH,Grand Bay-Westfield,NB,,
GRAND HARBOUR UNITED BAPTIST CHURCH,Grand Manan,NB,,
GRANGEVILLE UNITED BAPTIST CHURCH,Harcourt,NB,,
GREENOCK PRESBYTERIAN CHURCH,St. Andrews,NB,,
GREENWOOD DRIVE UNITED BAPTIST CHURCH INC,Fredericton,NB,,
GUNNINGSVILLE UNITED BAPTIST CHURCH,Riverview,NB,,
HAMPSTEAD FIRST UNITED BAPTIST CHURCH,Central Hampstead,NB,,
HAMPTON UNITED BAPTIST CHURCH INC,Hampton,NB,,
HAMPTON UNITED CHURCH,Hampton,NB,,
HANWELL BAPTIST CHURCH,Hanwell,NB,,
HARRISVILLE UNITED PROTESTANT CHURCH,Moncton,NB,,
HARTLAND UNITED BAPTIST CHURCH,Hartland,NB,,
HARTLAND WESLEYAN CHURCH,Hartland,NB,,
HARTLAND-JACKSONVILLE PASTORAL CHARGE,Jacksonville,NB,,
HARVEY GOSPEL LIGHTHOUSE INC,Harvey York Co,NB,,
HARVEY SEVENTH-DAY ADVENTIST CHURCH,Harvey Station,NB,,
HARVEY STATION PASTORAL CHARGE,Harvey Station,NB,,
HARVEY UNITED BAPTIST CHURCH,Harvey York County,NB,,
HATFIELD POINT BAPTIST CHURCH,Kars,NB,,
HAVELOCK UNITED BAPTIST CHURCH,Havelock,NB,,
HAVELOCK WESLEYAN CHURCH,Steeves Settlement,NB,,
HEAD OF MILLSTREAM UNITED BAPTIST CHURCH,Head of Millstream,NB,,
HIGHFIELD STREET UNITED BAPTIST CHURCH,Moncton,NB,,
HILLCREST UNITED BAPTIST CHURCH INC.,Saint John,NB,,
HILLGROVE UNITED BAPTIST CHURCH,Petitcodiac,NB,,
Hillsborough Baptist Church,Hillsborough,NB,506-734-2379,http://hillsboroughbaptist.org/
HILLSBOROUGH BAPTIST CHURCH,Hillsborough,NB,506-734-2379,http://hillsboroughbaptist.org/
HILLSBOROUGH UNITED CHURCH OF CANADA,Hillsborough,NB,,
HILLSBOROUGH UNITED PENTECOSTAL CHURCH,Weldon,NB,,
HILLSIDE UNITED BAPTIST CHURCH OF MONCTON,Moncton,NB,,
HOLY FAMILY PARISH,Fredericton,NB,,
HOLY FAMILY PARISH,Moncton,NB,,
HOLY GHOST CHURCH,Riverside-Albert,NB,506-386-6178,http://www.setmoncton.com/holy-ghost-church
HOLY ROSARY PARISH,Minto,NB,,
HOLY ROSARY PARISH,St. Stephen,NB,,
HOLY ROSARY- ST VINCENT PARISH,Sackville,NB,,
Holy Trinity Anglican Church,Blackville,NB,506 843 6022,http://www.crosspurposes.ca
HOLY TRINITY PARISH,Saint John,NB,,
HONEYDALE PENTECOSTAL CHURCH,Moore's Mills,NB,,
HOPE EVANGELICAL LUTHERAN CHURCH,Saint John,NB,(506) 652-5080,http://www.hope.evangelical-lutheran.ca/
HOPEWELL CAPE UNITED BAPTIST CHURCH,Hillsborough,NB,,
HOPEWELL HILL UNITED BAPTIST CHURCH,Hopewell Hill,NB,,
HUMPHREY MEMORIAL UNITED CHURCH,Moncton,NB,,
Iglesia Del Nazareno,Fredericton,NB,505-452-0225,
Iglesia Del Nazareno,Fredericton,NB,505-452-0225,
IMMACULATE CONCEPTION CHURCH,Moncton,NB,,
IMMACULATE HEART OF MARY PARISH,Riverview,NB,,
IMMANUEL PENTECOSTAL ASSEMBLY INC,Grand Manan,NB,,
JACKSONTOWN BAPTIST CHURCH INC,Jacksontown,NB,,
JACKSONVILLE UNITED BAPTIST CHURCH,Jacksonville,NB,,
Jeeps 4 Jesus Canada,Moncton,NB,506-872-133,http://www.J4JC.ca
JEMSEG UNITED BAPTIST CHURCH,Jemseg,NB,,
JOHN THE BAPTIST FELLOWSHIP INC,Saint John,NB,,
JUBILEE WORLD OUTREACH INC,Miramichi,NB,,
JUNIPER UNITED PENTECOSTAL CHURCH,Juniper,NB,,
KENNEBECASIS UNITED BAPTIST CHURCH,Rothesay,NB,,
KESWICK RIDGE PASTORAL CHARGE,Keswick Ridge,NB,,
KIERSTEAD MOUNTAIN UNITED BAPTIST CHURCH,Keirstead Mountain,NB,,
KINGS VALLEY WESLEYAN CHURCH,Quispamsis,NB,,
KINGS WAY ASSEMBLY,Quispamsis,NB,506.847.0602,http://www.kingswayassembly.ca/
KINGSLEY UNITED CHURCH,Estey's Bridge,NB,,
KINGSTON PENINSULA FOURSQUARE GOSPEL CHURCH INC,Kingston,NB,,
KINGSTON UNITED BAPTIST CHURCH,Kingston,NB,,
KINNEAR SETTLEMENT UNITED BAPTIST CHURCH,Kinnear Settlement,NB,,
KIRK MCCOLL UNITED CHURCH,St. Stephen,NB,,
KNOWLESVILLE UNITED BAPTIST CHURCH,Knowlesville,NB,,
KNOX PRESBYTERIAN CHURCH,Campbellton,NB,,
KNOX PRESBYTERIAN CHURCH,Kouchibouguac,NB,,
KNOX PRESBYTERIAN CHURCH,Harvey Station,NB,,
KNOX UNITED CHURCH,St. Stephen,NB,,
KNOXFORD PRAYING BAND CHURCH INC,East Centreville,NB,,
LAKE GEORGE UNITED CHURCH,Lake George,NB,,
LAKEBURN PASTORAL CHARGE,Greater Lakeburn,NB,,
LAKEVILLE CORNER UNITED BAPTIST CHURCH,Scotchtown,NB,,
LAKEVILLE GOOD CORNER AND BLOOMFIELD UNITED BAPTIST CHURCH,Good Corner,NB,,
LAKEVILLE UNITED CHURCH,Westmorland County,NB,,
LAMBERT'S COVE UNITED BAPTIST CHURCH,Lambert's Cove,NB,,
LAWRENCE STATION UNITED CHURCH,Lawrence Station,NB,,
LEDGE UNITED CHURCH,Oak Bay,NB,,
LEWISVILLE UNITED BAPTIST CHURCH,Moncton,NB,,
LIMESTONE SIDING PENTECOSTAL CHURCH,Dsl Grand Falls,NB,,
LINCOLN UNITED BAPTIST CHURCH,Lincoln,NB,,
LINDSAY UNITED BAPTIST CHURCH,Lindsay,NB,,
LITTLE RIDGE UNITED CHURCH,St. Stephen,NB,,
LITTLE RIVER (MCKEE'S MILLS) UNITED BAPTIST CHURCH,Mckee's Mills,NB,,
LITTLE SOUTH WEST BAPTIST CHURCH INC,Sillikers,NB,,
LOGGIEVILLE-BLACK RIVER PASTORAL CHARGE,Napan,NB,,
LOWER COVERDALE UNITED BAPTIST CHURCH,Lower Coverdale,NB,,
LOWER COVERDALE UNITED CHURCH,Stoney Creek  E,NB,,
LOWER DERBY UNITED BAPTIST CHURCH,Parker,NB,,
LOWER GOLDEN GROVE UNITED CHURCH,Wells,NB,,
LOWER MILLSTREAM UNITED BAPTIST CHURCH,Lower Millstream,NB,5064334855,
LOWER TURTLE CREEK UNITED BAPTIST CHURCH,Turtle Creek,NB,,
LUDLOW UNITED BAPTIST CHURCH,Ludlow,NB,,
LUTES MOUNTAIN CHURCH OF THE NAZARENE,Lutes Mountain,NB,,
LYTTLETON PENTECOSTAL TABERNACLE,Lyttleton,NB,506.836.1820,http://www.lpchurch.ca/
MACE'S BAY UNITED BAPTIST CHURCH,Dipper Harbour,NB,,
MACKENZIE CORNER UNITED BAPTIST CHURCH,Woodstock,NB,,
MACTAQUAC UNITED BAPTIST CHURCH,Mactaquac,NB,,
MADAWASKA-VICTORIA SEVENTH-DAY ADVENTIST CHURCH,St. Leonard,NB,,
MAIN STREET UNITED BAPTIST CHURCH,Saint John,NB,,
MARANATHA CHRISTIAN ASSEMBLY INC,Wickham,NB,,
MARANTHA CHRISTIAN FELLOWSHIP,Wickham,NB,,
MARANTHA SEVENTH-DAY ADVENTIST CHURCH,Hampton,NB,,
MARITIME CONFERENCE CORPORATION OF THE SEVENTH-DAY ADVENTIST CHURCH INC,Moncton,NB,,
MARITIME CONFERENCE OF THE UNITED CHURCH OF CANADA,Sackville,NB,,
MARNE UNITED BAPTIST CHURCH,Hartin Settlement,NB,,
MARYSVILLE UNITED BAPTIST CHURCH,Fredericton,NB,,
MARYSVILLE-PENNIAC PASTORAL CHARGE,Fredericton,NB,,
MCADAM INDEPENDENT BAPTIST CHURCH INC,Mcadam,NB,,
MCKEE'S MILLS PASTORAL CHARGE,Moncton,NB,,
MCLAUGHLIN DRIVE CHURCH OF THE NAZARENE,Moncton,NB,,
MEDUCTIC UNITED BAPTIST CHURCH,Riceville,NB,,
MIDDLE SACKVILLE BAPTIST CHURCH,Sackville,NB,506-536-2615,
MIDDLE SOUTHAMPTON UNITED BAPTIST CHURCH,Southampton,NB,,
MIDDLESEX UNITED BAPTIST CHURCH,Colpitts Settlement,NB,,
MIDDLETON SEVENTH-DAY ADVENTIST CHURCH,Moncton,NB,,
MIDGIC UNITED BAPTIST CHURCH,Sackville,NB,,
MIDLAND UNITED BAPTIST CHURCH,Norton,NB,,
MILLSTREAM PASTORAL CHARGE,Pearsonville,NB,,
MILLTOWN BAPTIST CHURCH,St. Stephen,NB,,
MILLTOWN UNITED CHURCH PASTORAL CHARGE,Crocker Hill,NB,,
MILLVILLE UNITED BAPTIST CHURCH,Hawkins Corner,NB,,
MIRAMICHI FELLOWSHIP CENTER INC,Blackville,NB,,
MIRAMICHI'S FIRST PENTECOSTAL CHURCH OF HOLTVILLE INC,Bloomfield Ridge York Co,NB,,
MISCOU MISSION FIELD,Miscou,NB,,
MISSION SAINT ANTHONY,Campbellton,NB,,
MISSION ST DOMINIQUE SAVIO,Lavoilette,NB,,
MISSION STE MADELAINE,Bathurst,NB,,
MONCTON CHURCH OF GOD INC,Lakeville West County,NB,,
MONCTON COMMUNITY CHURCH INC.,Riverview,NB,,
MONCTON FAITH TABERNACLE,Moncton,NB,,
Moncton Faith Victory Church,Moncton,NB,(506) 857-8528,http://MonctonVictoryChurch.com/
MONCTON FRENCH SEVENTH-DAY ADVENTIST CHURCH,Dieppe,NB,,
MONCTON SEVENTH DAY ADVENTIST CHURCH,Weldon,NB,,
MOORES MILLS UNITED CHURCH,St. Stephen,NB,,
MOST PURE HEART OF MARY PARISH,Miramichi,NB,,
MOUNT PLEASANT UNITED BAPTIST CHURCH,Mount Pleasant,NB,,
MOUNT ROYAL UNITED CHURCH,Moncton,NB,,
MOUNT ZION ASSOCIATE REFORMED PRESBYTERIAN CHURCH INC,Moncton,NB,,
MOUNTAIN VIEW UNITED CHURCH,Moncton,NB,,
MOUTH OF KESWICK UNITED BAPTIST CHURCH,Keswick Ridge,NB,,
NACKAWIC UNITED BAPTIST CHURCH,Nackawic,NB,,
NACKAWIC WESLEYAN CHURCH,Nackawic,NB,,
NASHWAAKSIS UNITED BAPTIST CHURCH,Fredericton,NB,,
NASHWAAKSIS UNITED CHURCH,Fredericton,NB,,
NAUWIGEWAUK CHRISTIAN CHURCH,Navwigewavk,NB,,
NEREPIS UNITED BAPTIST CHURCH,Grand Bay-Westfield,NB,,
NEW BANDON PASTORAL CHARGE,Salmon Beach,NB,,
NEW BANDON PENTECOSTAL CHURCH,Salmon Beach,NB,,
NEW CANAAN UNITED BAPTIST CHURCH,New Canaan,NB,,
NEW CASTLE CREEK UNITED BAPTIST CHURCH,Newcastle Creek,NB,,
NEW HOPE FOURSQUARE GOSPEL CHURCH,Saint John,NB,,
NEW HORTON UNITED BAPTIST CHURCH,New Horton,NB,,
NEW LIFE UNITED PENTECOSTAL CHURCH,Blackville,NB,,
NEW MARYLAND PASTORAL CHARGE - UNITED CHURCH OF CANADA,New Maryland,NB,,
NEW MARYLAND UNITED BAPTIST CHURCH,Nasonworth,NB,,
NEW MILLS PASTORAL CHARGE,Black Point,NB,,
NEW MINAS SEVENTH-DAY ADVENTIST CHURCH,Moncton,NB,,
NEW TESTAMENT EVANGELISTIC CENTRE INC,Barnesville,NB,,
NEWCASTLE UNITED BAPTIST CHURCH,Miramichi,NB,,
NEWCASTLE UNITED CHURCH,Miramichi,NB,,
NEWLIFE BAPTIST CHURCH,Waasis,NB,,
NEWTOWN-WATERFORD PASTORAL CHARGE,Sussex Corner,NB,,
NIXON UNITED BAPTIST CHURCH,Colpitts Settlement,NB,,
NORTH HEAD UNITED BAPTIST CHURCH,Grand Manan,NB,,
NORTH RIVER FIRST UNITED BAPTIST CHURCH,Wheaton Settlement,NB,,
NORTH ROAD BAPTIST CHURCH,Campobello,NB,,
NORTH SHORE COMMUNITY CHURCH INC,Campbelton,NB,,
North Side Assembly,Saint John,NB,506.652.7729,
NORTON UNITED BAPTIST CHURCH,Norton,NB,,
NU-LIFE PENTECOSTAL CHURCH INC,Tracy,NB,,
OAK BAY UNITED BAPTIST CHURCH,St. Stephen,NB,,
OAK BAY UNITED CHURCH,Oak Bay,NB,,
OAK HILL UNITED CHURCH,St. Stephen,NB,,
OLIVET WESLEYAN CHURCH,Fredericton,NB,,
OROMOCTO PASTORAL CHARGE,Oromocto,NB,,
OROMOCTO UNITED BAPTIST CHURCH,Oromocto,NB,,
ORTONVILLE UNITED BAPTIST CHURCH,Dsl De Grand Sault,NB,,
OUR LADY OF FATIMA PARISH,Fredericton,NB,,http://www.olfatima.ca
OUR LADY OF GRACE PARISH,Bathurst,NB,,
OUR LADY OF MERCY PARISH,Aroostook,NB,,
OUR LADY OF MERCY PARISH/PAROISSE N D DE LA MERCI,Pte-Du-Chene,NB,,
OUR LADY OF PERPETUAL HELP PARISH,Rothesay,NB,,
OUR LADY OF THE VISITATION PARISH,Charlo,NB,,
OUTREACH PENTECOSTAL CHURCH INC,Hatfield Point,NB,,
PARISH OF CAMBRIDGE AND WATERBOROUGH,Youngs Cove,NB,,
PARISH OF CARLETON ST GEORGE'S CHURCH,Saint John,NB,,
PARISH OF CENTRAL KINGS,Hampton,NB,,
PARISH OF DERBY AND BLACKVILLE,Barnerrville,NB,,
PARISH OF GONDOLA POINT,Quispamsis,NB,,
PARISH OF GRAND FALLS,Dsl De Drummond,NB,,
PARISH OF GREENWICH,Public Landing,NB,,
PARISH OF HAMMOND RIVER,Quispamsis,NB,,
PARISH OF HARDWICKE,Bay Du Vin,NB,,
PARISH OF KINGSTON CORPORATION,Clifton Royal,NB,,
PARISH OF MCADAM - THE CHURCH OF ST GEORGE,Mcadam,NB,,
PARISH OF MUSQUASH,Lepreau,NB,,
PARISH OF NEWCASTLE & NELSON,Miramichi,NB,,
PARISH OF PRINCE WILLIAM AND DUMFRIES CUM QUEENSBURY AND SOUTHAMPTON,Harvey York County,NB,,
PARISH OF QUISPAMSIS,Rothesay,NB,,
PARISH OF SHEDIAC (ANGLICAN),Scoudouc,NB,,
PARISH OF ST DAVID AND ST PATRICK,Dufferin,NB,,
PARISH OF ST MARY-CFB GAGETOWN,Oromocto,NB,,
PARISH OF THE NATIVITY OF THE BLESSED VIRGIN MARY,Chatham Head,NB,,
PARISH OF WATERFORD AND ST MARKS,Sussex Corner,NB,,
PARISH OF WESTMORLAND DIOCESE OF FREDERICTON ANGLICAN CHURCH OF CANADA,Port Elgin,NB,,
PARK AVENUE UNITED CHURCH,Quispamsis,NB,,
PARKSIDE BAPTIST CHURCH INC,Moncton,NB,,
PAROISSE DE L'ANNONCIATION,Memramcook,NB,,
PAROISSE DE L'ASSOMPTION,Grand-Sault,NB,,
PAROISSE DE L'IMMACULEE CONCEPTION,Acadieville,NB,,
PAROISSE DE LA VISITATION,Grande-Digue,NB,,
PAROISSE DE LOUIS DE GONZAGUE,Richibouctou,NB,,
PAROISSE DE SAINT BASILE,St. Basile,NB,,
PAROISSE DE SAINT FRANCOIS D'ASSISE,Clair,NB,,
PAROISSE DE SAINT JACQUES,St. Jacques,NB,,
PAROISSE DE SAINT JEAN BAPTISTE,St. Jean-Baptiste,NB,,
PAROISSE DE SAINT JOSEPH,St. Joseph-De-Madawaska,NB,,
PAROISSE DE SAINT LEONARD,St. Leonard,NB,,
PAROISSE DE SAINT NORBERT,Sainte-Marie-De-Kent,NB,,
PAROISSE DE SAINT-ANDRE,St. Andre,NB,,
PAROISSE DE SAINT-ANSELME,Dieppe,NB,,
PAROISSE DE SAINT-LOUIS-DES-FRANCAIS,St. Louis-De-Kent,NB,,
PAROISSE DE SAINT-PAUL,St. Paul,NB,,
PAROISSE DE SAINTE ANNE,Sainte-Anne-De-Madawaska,NB,,
PAROISSE DE ST HILAIRE,St. Hilaire,NB,,
PAROISSE DE ST-GEORGES,Grand Sault,NB,,
PAROISSE DE ST-IGNACE DE LOYOLA,St. Ignace,NB,,
PAROISSE DES SS MARTYRS CANADIENS,Pont-Landry,NB,,
PAROISSE DU CHRIST ROI,Allardville,NB,,
PAROISSE DU CHRIST-ROI,Moncton,NB,,
PAROISSE DU SACRE-COEUR,Haute-Aboujagane,NB,,
PAROISSE DU TRES SAINT SACREMENT,St. Quentin,NB,,
PAROISSE IMMACULEE CONCEPTION,Haut Riviere-Du-Portage,NB,,
PAROISSE IMMACULEE CONCEPTION,Pokemouche,NB,,
PAROISSE L'ASCENSION,Beaverbrook,NB,,
PAROISSE MARIE MEDIATRICE,Le Goulet,NB,,
PAROISSE MARIE REINE,Campbellton,NB,,
PAROISSE NOTRE DAME AUXILIATRICE,Notre-Dame-Des-Erables,NB,,
PAROISSE NOTRE DAME DE FATIMA,St. Arthur,NB,,
PAROISSE NOTRE DAME DE L'ASSOMPTION,Nicolas-Denys,NB,,
PAROISSE NOTRE DAME DE LA SALETTE,Tracadie-Sheila,NB,,
PAROISSE NOTRE DAME DE LOURDES,Atholville,NB,,
PAROISSE NOTRE DAME DE LOURDES,Notre Dame De Lourdes,NB,,
PAROISSE NOTRE DAME DES FLOTS ET ST URBAIN,Lameque,NB,,
PAROISSE NOTRE DAME DES NEIGES,Campbellton,NB,,
PAROISSE NOTRE DAME DES PRODIGES,Kedgwick,NB,,
PAROISSE NOTRE DAME DU ROSAIRE,Bathurst,NB,,
PAROISSE NOTRE DAME DU SACRE COEUR,Val D'amours,NB,,
PAROISSE NOTRE-DAME D'ACADIE,Moncton,NB,,
PAROISSE NOTRE-DAME DE GRACE,Moncton,NB,,
PAROISSE NOTRE-DAME DE LORETTE,Dieppe,NB,,
PAROISSE NOTRE-DAME DU MONT-CARMEL/ OUR LADY OF MOUNT CARMEL,Bathurst,NB,,
PAROISSE NOTRE-DAME DU ROSAIRE CONNORS,Connors,NB,,
PAROISSE NOTRE-DAME DU SACRE COEUR,Notre-Dame,NB,,
PAROISSE NOTRE-DAME-DE-FATIMA,Collette,NB,,
PAROISSE NOTRE-DAME-DE-LA-PAIX,Moncton,NB,,
PAROISSE NOTRE-DAME-DE-LOURDES,Membracook-Est,NB,,
PAROISSE NOTRE-DAME-DES SEPT DOULEURS,Edmundston,NB,,
PAROISSE NOTRE-DAME-DU-CARMEL,Ste-Marie-De-Kent,NB,,
PAROISSE SACRE COEUR,Riviere Verte,NB,,
PAROISSE SAINT BENOIT,Balmoral,NB,,
PAROISSE SAINT FRANCOIS XAVIER,St. Francois,NB,,
PAROISSE SAINT JOSEPH,Pointe-Sapin,NB,,
PAROISSE SAINT LOUIS,Brantville,NB,,
PAROISSE SAINT THEOPHILE,Maisonnette,NB,,
PAROISSE SAINT- GEORGES,Neguac,NB,,
PAROISSE SAINT-ANTOINE,Richiboutou-Village,NB,,
PAROISSE SAINT-CHARLES-BORROMEE,St. Charles,NB,,
PAROISSE SAINT-COEUR-DE-MARIE,Baker Brook,NB,,
PAROISSE SAINT-HENRI DE BARACHOIS,Grand-Barachois,NB,,
PAROISSE SAINT-JACQUES,Scoudouc,NB,,
PAROISSE SAINT-JEAN-BAPTISTE,Bouctouche,NB,,
PAROISSE SAINT-JOSEPH,Shediac,NB,,
PAROISSE SAINT-LOUIS DE FRANCE,Moncton,NB,,
PAROISSE SAINT-PIERRE,Cocagne,NB,,
PAROISSE SAINT-THOMAS,Memramcook,NB,,
PAROISSE SAINTE FAMILLE,Bathurst,NB,,
PAROISSE SAINTE MARIA GORETTI,Lorne,NB,,
PAROISSE SAINTE ROSE DE LIMA,Ste-Rose,NB,,
PAROISSE SAINTE TRINITE,Eel River Crossing,NB,,
PAROISSE SAINTE-ANNE,Baie Sainte Anne,NB,,
PAROISSE SAINTE-ANNE-DE-KENT,Ste-Anne-De-Kent,NB,,
PAROISSE SAINTE-ANNE-DES-PAYS-BAS,Fredericton,NB,,
PAROISSE SAINTE-MARGUERITE BOURGEOYS,St. Leolin,NB,,
PAROISSE SAINTE-THERESE D'AVILA,Cap-Pele,NB,,
PAROISSE SS SIMON ET JUDE,Grande-Anse,NB,,
PAROISSE ST ANTOINE DE PADOUE,Lameque,NB,,
PAROISSE ST ANTOINE DE PADOUE,St.leonard,NB,,
PAROISSE ST AUGUSTIN,Lagaceville,NB,,
PAROISSE ST AUGUSTIN,Paquetville,NB,,
PAROISSE ST BERNARD,Neguac,NB,,
PAROISSE ST CLEMENT PARISH,Port Elgin,NB,,
PAROISSE ST EDOUARD,Sackville,NB,,
PAROISSE ST FRANCOIS XAVIER,Charlo,NB,,
PAROISSE ST GABRIEL,Belledune,NB,,
PAROISSE ST IRENEE,St. Irenee,NB,,
PAROISSE ST ISIDORE,St. Isidore,NB,,
PAROISSE ST JEAN BAPTISTE,Dalhousie,NB,,
PAROISSE ST JEAN BOXCO/ST JOHN BOSCO PARISH,Dalhousie,NB,,
PAROISSE ST JEAN L'EVANGELISTE,Belledune,NB,,
PAROISSE ST JEAN VIANNEY,Eel River Crossing,NB,,
PAROISSE ST JEROME,Shippagan,NB,,
PAROISSE ST JOSEPH,Nash Creek,NB,,
PAROISSE ST JOSEPH ET ST JEAN BAPTISTE,Tracadie-Sheila,NB,,
PAROISSE ST MARTIN,St. Martin-De-Restigouche,NB,,
PAROISSE ST MICHEL,Inkerman,NB,,
PAROISSE ST MICHEL,Drummond,NB,,
PAROISSE ST NAZAIRE,Alcida,NB,,
PAROISSE ST NOM DE JESUS,Beresford,NB,,
PAROISSE ST PAUL,Bas Caraquet,NB,,
PAROISSE ST POLYCARPE,Petit-Rocher,NB,,
PAROISSE ST RAPHAEL,St. Marie-St. Raphael,NB,,
PAROISSE ST SIMON,St. Simon,NB,,
PAROISSE ST THOMAS D'AQUIN,Lac Baker,NB,,
PAROISSE ST TIMOTHEE SHEMOGUE,Cap-Pele,NB,,
PAROISSE ST VINCENT DE PAUL,Pointe-Verte,NB,,
PAROISSE ST-ANTOINE L'ERMITE,St. Antoine-De-Kent,NB,,
PAROISSE ST-FRANCOIS DE SALES,Saint John,NB,,
PAROISSE ST-FRANCOIS-DE-SALES,Rogersville,NB,,
PAROISSE ST-JOACHIM,Bertrand,NB,,
PAROISSE ST-PIE-X,Sainte-Marie-St. Raphael,NB,,
PAROISSE ST-PIERRE-AUX-LIENS,Caraquet,NB,,
PAROISSE ST-TIMOTHEE D'ADAMSVILLE,Adamsville,NB,,
PAROISSE STE THERESE,Robertville,NB,,
PAROISSE STE-CECILE,Lameque,NB,,
PAROISSE STE-THERESE DE L'ENFANT-JESUS,Dieppe,NB,,
PEEL UNITED BAPTIST CHURCH,Peel,NB,,
PEMBROKE UNITED BAPTIST CHURCH,Newburg,NB,,
PENNIAC UNITED BAPTIST CHURCH,Penniac,NB,,
PENTECOSTAL ASSEMBLY,Mcnamee,NB,,
PENTECOSTAL GOSPEL LIGHTHOUSE,Minto,NB,,
PENTECOSTAL LIGHTHOUSE OF CROSS CREEK N.B. INC.,Stanley,NB,,
PENTECOSTAL TABERNACLES (FLORENCEVILLE) INC,Oakland,NB,,
PENTECOSTAL TABERNACLES INC,Oakland,NB,,
PERTH SEVENTH-DAY ADVENTIST CHURCH,Tinker,NB,,
PETITCODIAC MENNONITE CHURCH INC,Petitcodiac,NB,,
PETITCODIAC UNITED BAPTIST CHURCH,Petitcodiac,NB,,
PLASTER ROCK UNITED BAPTIST CHURCH,Plaster Rock,NB,,
POCOLOGAN UNITED BAPTIST CHURCH,Pocologan,NB,,
POINT DU CHENE SUMMER CHURCH,Moncton,NB,,
POMEROY RIDGE UNITED CHURCH,Pomeroy Ridge,NB,,
PORTAGE VALE UNITED BAPTIST CHURCH,Portage Vale,NB,,
PORTLAND UNITED CHURCH,Saint John,NB,,
Portland United Church,Saint John,NB,,
PRAISE & WORSHIP CENTRE INC.,Woodstock,NB,,
PRINCE WILLIAM PASTORAL CHARGE,Southampton,NB,,
PROVIDENCE REFORMED BAPTIST CHURCH,Riverview,NB,,
QUEENSTOWN UNITED BAPTIST CHURCH,Queenstown,NB,,
QUISPAMSIS UNITED CHURCH,Gondola Point,NB,,
RECTOR CHURCH WARDENS AND VESTRY OF THE PARISH OF HILLSBOROUGH-RIVERSIDE,Hillsborough,NB,,
RECTORCHURCH WARDENS AND VESTRY OF THE PARISH OF NEW MARYLAND THE,Nasonworth,NB,,
RED HEAD UNITED CHURCH,Saint John,NB,,
RENEWED HOPE CHRISTIAN FELLOWSHIP,Nash Creek,NB,,
RESTIGOUCHE PASTORAL CHARGE THE,Tide Head,NB,,
RESTIGOUCHE UNITED BAPTIST CHURCH,Tide Head,NB,,
RESTIGOUCHE VALLEY CHURCH,Campbellton,NB,,
Revival House Fellowship,Moncton,NB,5068001841,http://www.revivalhousemoncton.com
Revival House Moncton,Moncton,NB,,http://www.revivalhousemoncton.com
RICHIBUCTO BAPTIST CHURCH,Richibucto,NB,,
RIDGEWAY BAPTIST CHURCH INC,Boiestown,NB,,
RILEY BROOK UNITED BAPTIST CHURCH,Riley Brookk,NB,,
RIVER GLADE UNITED BAPTIST CHURCH,River Glade,NB,,
RIVER VALLEY UNITED PENTECOSTAL CHURCH,Grand Bay-Westfield,NB,,
RIVERSIDE UNITED CHURCH,Dumfries,NB,,
RIVERVIEW UNITED BAPTIST CHURCH,Riverview,NB,,
ROCKLAND DRIVE UNITED BAPTIST CHURCH,Mcadam,NB,,
ROLLING DAM UNITED BAPTIST CHURCH,Rollingdam,NB,,
ROLLING DAM UNITED CHURCH,Waweig,NB,,
ROMAN CATHOLIC BISHOP OF SAINT JOHN,Saintjohn,NB,,
Rothesay Baptist Church,Quispamsis,NB,506-848-6370,http://www.rothesaybaptistchurch.com
ROTHESAY BAPTIST CHURCH INC,Rothesay,NB,,
Rothesay Vineyard Christian Fellowship,Quispamsis,NB,(506) 849-6300,http://www.rothesayvineyard.com
ROWENA PENTECOSTAL CHURCH & CEMETARY INC,Rowena,NB,,
SACKVILLE MAIN STREET UNITED BAPTIST CHURCH,Sackville,NB,,
SACKVILLE PASTORAL CHARGE,Sackville,NB,,
SACRED HEART PARISH,Norton,NB,,
SAINT JAMES UNITED CHURCH,Woodstock,NB,,
SAINT JOHN FOURSQUARE GOSPEL CHURCH,Saint John,NB,,
Saint John Korean Grace Church,Saint John,NB,6478985924,
Saint John Vineyard Christian Fellowship,Saint John,NB,(506) 648-0998,
SAINT LAWRENCE O'TOOLE PARISH/PAROISSE SAINT LAURENT,Moncton,NB,,
SAINT MICHAEL'S CHURCH,Moncton,NB,,
SAINT PETER'S ANGLICAN CHURCH,Wickham,NB,,
SALEM BAPTIST CHURCH INC,Sackville,NB,,
SALEM UNITED BAPTIST CHURCH,Salem,NB,,
SALINA KIRK UNITED CHURCH,Titusville,NB,,
SALISBURY UNITED BAPTIST CHURCH,Salisbury,NB,,
SALISBURY UNITED CHURCH,Steeves Mountain,NB,,
SALMON CREEK UNITED BAPTIST CHURCH,Hardwwod Ridge,NB,,
SALTSPRINGS UNITED BAPTIST CHURCH,Salt Springs,NB,,
SALVATION ARMY MONCTON CITADEL CORPS THE,Moncton,NB,,
SALVATION ARMY SAINT JOHN COMMUNITY CHURCHTHE,Saint John,NB,,
SALVATION ARMY SUSSEX CORPS THE,Sussex,NB,,
SALVATION ARMY WOODSTOCK CORPS THE,Woodstock,NB,,
SCOTCH SETTLEMENT UNION CHURCH,Scotch Lake,NB,,
SEA VIEW FULL GOSPEL CHURCH INCORPORATED,Back Bay,NB,,
SEAL COVE UNITED BAPTIST CHURCH,Grand Manan,NB,,
Second Elgin Baptist Church,Parkindale,NB,1-506-756-8671,http://second elgin baptist church facebook page
SECOND FALLS UNITED BAPTIST CHURCH,Second Falls,NB,,
SECOND KINGSCLEAR UNITED BAPTIST CHURCH,Upper Kingsclear,NB,,
Serenity Free Will Baptist Church,Fredericton,NB,506-455-3525,http://serenityfwb.org
SHANNON UNITED BAPTIST CHURCH,Shannon,NB,,
Shediac Bay Community Church,Shediac,NB,506-351-0909,http://hope4shediac.com
SHEFFIELD PASTORAL CHARGE,Sunnyside Beach,NB,,
SILVER FALLS UNITED CHURCH,Saint John,NB,,
SIMONDS ADVENT CHRISTIAN CHURCH,Simonds,NB,,
SKYLINE ACRES UNITED BAPTIST CHURCH,New Bradshaw,NB,,
Skyway to Heaven Church,Miramichi,NB,(506) 778-2387,https://www.facebook.com/SkywaytoHeavenChurch/
SMITHTOWN UNITED BAPTIST CHURCH,Hampton,NB,,
SMYTHE STREET CATHEDRAL INC,Fredericton,NB,506.458.8206,http://www.smythestreetcathedral.com
SNIDER MOUNTAIN UNITED BAPTIST CHURCH,Snider Mountain,NB,,
SOUL'S HARBOR INC,Centreville,NB,,
SOUTH BAY UNITED CHURCH,Saint John,NB,,
SOUTH PORTAGE BAPTIST BIBLE CHURCH IND,Nashwaak Bridge,NB,,
SOVEREIGN GRACE BAPTIST CHURCH OF OROMOCTO INC,Geary,NB,,
SPRINGFIELD UNITED BAPTIST CHURCH,Springfield,NB,,
ST AGNES PARISH,Nackawic,NB,,
ST ALPHONSUS PARISH,Hampton,NB,,
ST ANDREW AND ST DAVID UNITED CHURCH,Saint John,NB,,
ST ANDREW S UNITED CHURCH,Mackinleyville,NB,,
ST ANDREW'S PARISH,Miramichi,NB,,
ST ANDREW'S PRESBYTERIAN CHURCH,Sackville,NB,,
ST ANDREW'S PRESBYTERIAN CHURCH,Fredericton,NB,,
ST ANDREW'S UNITED CHURCH,Tabusintac,NB,,
ST ANDREW'S UNITED CHURCH,Miramichi,NB,,
ST ANDREW'S UNITED CHURCH OF CANADA,Rexton,NB,,
ST ANDREWS KIRK UNITED CHURCH,Quispamsis,NB,,http://www.wondercafe.ca/churches/st-andrews-kirk-united-church
ST ANDREWS UNITED CHURCH,Blackville,NB,,
ST ANDREWS UNITED CHURCH,Weaver,NB,,
ST ANN'S CHURCH,Big Cove,NB,,
ST ANN'S CHURCH PARISH OF SACKVILLE,Sackville,NB,,
ST ANN'S PARISH,Saint John,NB,,
ST ANN'S PARISH,Perth Andover,NB,,
ST ANNE'S CHURCH,Saint John,NB,,
ST ANNE'S CHURCH,Welshpool,NB,,
ST ANTHONY'S PARISH,Fredericton,NB,,
ST AUGUSTIN'S PARISH,Moncton,NB,,
ST AUGUSTINE'S PARISH,Westfield,NB,,
ST BERNARD'S PARISH,Moncton,NB,,
ST BONAVENTURE'S PARISH,Woodstock,NB,,
ST BRIDGET'S PARISH,Renous,NB,,
ST CLEMENT'S PARISH,Mcadam,NB,,
ST DAVID'S UNITED CHURCH,Rothesay,NB,,
ST DAVIDS UNITED CHURCH,Burnt Church,NB,,
ST DAVIDS UNITED CHURCH,Macdougall Sett.,NB,,
ST DUNSTAN'S PARISH,Fredericton,NB,,
ST FRANCIS OF ASSISI PARISH,Oromocto,NB,,
ST FRANCIS XAVIER PARISH,Sussex,NB,,
ST GEORGE SEVENTH DAY ADVENTIST CHURCH,St. George,NB,,
ST GEORGE UNITED BAPTIST CHURCH,St. George,NB,,
ST GEORGE'S CHURCH,Moncton,NB,,
ST GEORGE'S CHURCH,Bathurst,NB,,
ST GEORGE'S PARISH,Blacks Harbour,NB,,
ST GERTRUDE'S PARISH,Woodstock,NB,,
ST GILES UNITED CHURCH OF CANADA,Saint John,NB,,
ST JAMES ANGLICAN CHURCH,Moncton,NB,,
ST JAMES PARISH,Red Bank,NB,,
ST JAMES PRESBYTERIAN CHURCH,Cails Mills,NB,,
ST JAMES PRESBYTERIAN CHURCH,Port Elgin,NB,,
ST JAMES PRESBYTERIAN CHURCH,Miramichi,NB,,
ST JAMES PRESBYTERIAN CHURCH,Hanwell,NB,,
ST JAMES UNITED CHURCH,Kouchibouguac,NB,,
ST JAMES UNITED CHURCH,Petitcodiac,NB,,
ST JAMES UNITED CHURCH,Baie Verte,NB,,
ST JAMES UNITED CHURCH,Aroostook,NB,,
ST JOACHIM'S PARISH,Saint John,NB,,
ST JOACHIM'S PARISH,Boiestown,NB,,
ST JOHN AND ST STEPHEN PRESBYTERIAN CHURCH,Saint John,NB,,
ST JOHN SEVENTH DAY ADVENTIST CHURCH,Saint John,NB,,
ST JOHN THE BAPTIST ANGLICAN CHURCH,Edmundston,NB,,
ST JOHN THE BAPTIST PARISH,Saint John,NB,,
ST JOHN THE EVANGELIST CHURCH,Fredericton,NB,,
ST JOHN THE EVANGELIST PARISH,Bath,NB,,
ST JOHN VALLEY MENNONITE CHURCH,Tracey Mills,NB,,
ST JOHN'S )STONE( CHURCH ST MARK PARISH,Saint John,NB,,
ST JOHN'S ANGLICAN CHURCH,Oromocto,NB,,
ST JOHN'S PRESBYTERIAN CHURCH,Dalhousie,NB,,
ST JOHN'S PRESBYTERIAN CHURCH,Tabusintac,NB,,
ST JOHN'S UNITED CHURCH,Moncton,NB,,
ST JOHN'S UNITED CHURCH,South Branch,NB,,
ST JOHN'S UNITED CHURCH MCKENZIE CORNER,Bedell,NB,,
ST JOHNS UNITED CHURCH,Fredericton,NB,,
ST JOSEPH'S PARISH,Chipman,NB,,
ST JOSEPH'S PARISH,Bath,NB,,
ST JOSEPH'S PARISH,Saint John,NB,,
ST JUDE CATHOLIC CHURCH,Westfield,NB,,
ST JUDE'S CHURCH,Saint John West,NB,,
ST LUKE'S ANGLICAN CHURCH,Saint John,NB,,
ST LUKE'S PRESBYTERIAN CHURCH,Bathurst,NB,,
ST LUKES UNITED CHURCH,Nashwaak Bridge,NB,,
ST MARGARET'S PARISH,St. Margarets,NB,,
ST MARK'S PARISH,Rothesay,NB,,
ST MARK'S PRESBYTERIAN CHURCH,Bass River,NB,,
ST MARK'S UNITED CHURCH,Renous,NB,,
ST MARK'S UNITED CHURCH CANTERBURY,Canterbury,NB,,
ST MARTIN'S PASTORAL CHARGE,St. Martins,NB,,
ST MARTIN'S UNITED BAPTIST CHURCH,St. Martins,NB,,
ST MARY OF THE ANGELS,Perth Andover,NB,,
ST MARY'S ANGLICAN CHURCH,Dalhousie,NB,,
ST MARY'S CHURCH,Fredericton,NB,,
ST MARY'S PARISH,Miramichi,NB,,
ST MATTHEW PARISH,Grand Bay - Westfield,NB,,
ST MATTHEW'S PRESBYTERIAN CHURCH,Saint John,NB,,
ST MATTHEW'S PRESBYTERIAN CHURCH,Baribo a Bridge,NB,,
ST MICHAEL'S PARISH,Chatham,NB,,
ST NICHOLAS CHURCH INC,Saint John,NB,,
ST PATRICK'S PARISH,Stanley,NB,,
ST PATRICK'S PASTORAL COUNCIL,Dsl of Grand Falls,NB,,
ST PATRICK'S PARISH,Miramichi,NB,,
ST PAUL'S ANGLICAN CHURCH,Dutch Valley,NB,,
ST PAUL'S CHURCH,Rothesay,NB,,
ST PAUL'S CHURCH PARISH OF ST PAUL,Saint John,NB,,
ST PAUL'S PARISH,Hampton,NB,,
ST PAUL'S PRESBYTERIAN CHURCH,Derby Junction,NB,,
ST PAUL'S PRESBYTERIAN CHURCH,Williamsburg,NB,,
ST PAUL'S PRESBYTERN CHURCH,Woodstock,NB,,
ST PAUL'S UNITED CHURCH,Sussex,NB,,
ST PAUL'S UNITED CHURCH,Fredericton,NB,,
ST PAUL'S UNITED CHURCH,Mcadam,NB,,
ST PETER LUTHERAN CHURCH,New Denmark,NB,,
ST PETER'S PARISH,Saint John,NB,,
ST PETER'S PRESBYTERIAN CHURCH,Stanley,NB,,
ST PETERS ANGLICAN CHURCH,St. Stephen,NB,,
ST PHILIP'S ANGLICAN CHURCH,Moncton,NB,,
ST PHILIPS UNITED CHURCH,Whitney,NB,,
ST PIUS X PARISH,Saint John,NB,,
ST RAPHAEL'S PARISH,Blackville,NB,,
ST ROSE PARISH,St. John,NB,,
ST SAMUEL'S PARISH,Miramichi,NB,,
ST STEPHEN PENTECOSTAL CHURCH INC,St. Stephen,NB,,
ST STEPHEN'S PARISH,St. Stephen,NB,,
ST STEPHEN'S PRESBYTERIAN CHURCH,St. Stephen,NB,,
ST STEPHEN'S PRESBYTERIAN CHURCH,Red Bank,NB,,
ST STEPHEN'S UNITED CHURCH,Beersville,NB,,
ST STEPHEN'S UNITED CHURCH,Alma,NB,,
ST STEPHEN'S UNITED CHURCH,Exmoor,NB,,
ST THERESA OF THE CHILD JESUS PARISH,Bathurst,NB,,
ST THERESA'S PARISH,Fredericton,NB,,
ST THOMAS AQUINAS PARISH,Campbellton,NB,,
ST THOMAS CHURCH,Plaster Rock,NB,,
ST THOMAS THE APOSTLE PARISH,Red Bank,NB,,
ST THOMAS' ANGLICAN CHURCH,Saint John,NB,,
ST VINCENT DE PAUL PARISH,Oromocto,NB,,
ST-JUDE'S PARISH,Riverview,NB,,
St. Agnes Anglican Church,Gray Rapids,NB,5068436022,http://www.crosspurposes.ca
ST. ANDREW'S PARISH,St. Andrews,NB,,
ST. ANDREW'S UNITED BAPTIST CHURCH,St. Andrews,NB,,
St. Andrew's Presbyterian Church,Moncton,NB,(506) 389-7707,http://www.standrewsmoncton.net
St. Andrews Anglican Church,Moncton,NB,(506) 389-2638,
St. Andrews Baptist Church,St. Andrews,NB,506-529-3022,http://www.standbaptist.com
ST. ANDREWS PENTECOSTAL CHURCH INC,St. Andrews,NB,,
St. Croix Vineyard Christian Fellowship,St. Stephen,NB,(506)466-5725,
St. Matthews Lutheran Church,Fredericton,NB,(506) 389-2638,
St. Paul's United Church,Riverview,NB,5063863335,http://stpaulsriverview.org/
St. Peters Anglican Church,Millerton,NB,5068436022,http://www.crosspurposes.ca
STAPLES SETTLEMENT BAPTIST CHURCH INC,Staples Settlement,NB,,
STEEVES MOUNTAIN UNITED BAPTIST CHURCH,Steeves Mountain,NB,,
STEEVES SETTLEMENT UNITED BAPTIST CHURCH,Rothesay,NB,,
STEEVES' MEMORIAL UNITED CHURCH,Moncton,NB,,
STELLA MARIS PARISH,St. John,NB,,
STELLA MARIS PARISH,Blacks Harbour,NB,,
STEWARTON UNITED CHURCH,Springfield,NB,,
STILESVILLE UNITED CHURCH,Stilesville,NB,,
STIRLING UNITED CHURCH,Tay Creek,NB,,
STONE RIDGE PENTECOSTAL CHURCH INC,Zealand,NB,,
STONEY CREEK UNITED BAPTIST CHURCH,Stoney Creek,NB,,
STS JOHN AND PAUL PARISH,New Maryland,NB,,
STS PETER AND PAUL PARISH,Bartibog Bridge,NB,,
SUNNY BRAE UNITED BAPTIST CHURCH,Moncton,NB,506 856 9708,
SUNSET DRIVE PENTECOSTAL CHURCH INC,Fredericton,NB,,
SURE LIFE ASSEMBLY INC,Nackawic,NB,,
SURREY VALLEY BAPTIST CHURCH,Hillsborough,NB,506-734-3299,http://www.valleychurchlife.com
SUSSEX UNITED BAPTIST CHURCH,Sussex,NB,,
SUSSEX WESLEYAN CHURCH,Sussex,NB,,
TABERNACLE LIFE CHURCH INC,Florenceville,NB,,
TABERNACLE UNITED BAPTIST CHURCH,Saint John,NB,,
TAYMOUTH UNITED CHURCH,Taymouth,NB,,
TEMPERANCE VALE UNITED BAPTIST CHURCH,Central Waterville,NB,,
TEMPLE INDEPENDENT BAPTIST CHURCH OF CHANCE HARBOUR,Saint John,NB,,
THE ANGLICAN CHURCH OF CANADA PARISH OF SACKVILLE,Sackville,NB,,
THE ANGLICAN PARISH OF CANTERBURY,Canterbury,NB,,
THE ANGLICAN PARISH OF GRAND BAY,Grand Bay - Westfield,NB,,
THE ANGLICAN PARISH OF PENNFIELD,Pennfield,NB,,
THE ANGLICAN PARISH OF ST GEORGE (ST MARK'S CHURCH),St. George,NB,,
THE ANGLICAN PARISH OF THE TOBIQUE,Red Rapids,NB,,
THE CHRISTIAN FELLOWSHIP CHURCH OF FAIRVALE NB,Wells,NB,,
THE CORPORATION OF THE ANGLICAN PARISH OF ST PETER FREDERICTON,Fredericton,NB,,
THE DIOCESAN SYNOD OF FREDRICTON,Fredericton,NB,,
THE FAITH BIBLE BAPTIST FELLOWSHIP,Sussex,NB,,
THE FIRST REVIVAL TEMPLE INC,Saint John,NB,,
THE FULL GOSPEL ASSEMBLY,Killams Mills,NB,,
THE FULL GOSPEL PENTECOSTAL CHURCH OF NEWCASTLE BRIDGE INC,Minto,NB,,
THE GARNETT SETTLEMENT CHRISTIAN CHURCH INC,Garnett Settlement,NB,,
THE GLADES UNITED BAPTIST CHURCH,The Glades,NB,,
The Heavens Are Telling And So Are We Mission,Richibucto,NB,506 521-5639,http://www.facebook.com/HeavensAreTellingSoAreWe/
THE KIRK PENNFIELD NEW BRUNSWICK,Pennfield,NB,,
THE KIRK UNITED CHURCH,Nackawic,NB,,
THE LIGHTHOUSE - A FOURSQUARE GOSPEL CHURCH,Seely's Cove,NB,,
THE NORTHSIDE FUNDAMENTAL BAPTIST CHURCH OF FREDERICTON NEW BRUNSWICK,Fredericton,NB,,
THE PARISH OF FREDERICTON JUNCTION,Tracy,NB,,
THE PARISH OF MILLIDGEVILLE,Saint John,NB,,
THE PARISH OF RESTIGOUCHE (ANGLICAN),Dawsonville,NB,,
THE PARISH OF SIMONDS (ANGLICAN),Baxters Corner,NB,,
THE PARISH OF ST MARGARET'S,Fredericton,NB,,
THE PARISH OF UPHAM ANGLICAN CHURCH OF CANADA,Upham,NB,,
THE PARISH OF UPPER KENNEBECASIS,Belleisle Creek,NB,,
THE PEOPLES' CHURCH,Somerville,NB,,
THE ROMAN CATHOLIC ARCHBISHOP OF MONCTON/L'ARCHEVEQUE CATHOLIQUE ROMAIN DE MONCTON,Dieppe,NB,,
THE SALVATION ARMY BATHURST CORP,Bathurst,NB,,
THE SALVATION ARMY FAMILY SERVICES,Saint John,NB,,
THE SALVATION ARMY FREDERICTON COMMUNITY CHURCH,Fredericton,NB,,
THE SALVATION ARMY MIRAMICHI CORPS,Newcastle,NB,,
THE TRUSTEES OF THE FUNDAMENTAL BAPTIST CHURCH OF LANCASTER,Saint John,NB,,
THE UNITED BAPTIST CHURCH AT PENOBSOUIS,Penobsquis,NB,,
THE UNITED CHURCH OF CANADA GLEN FALLS PASTORAL CHARGE,Saint John,NB,,
THE WESLEYAN CHURCH OF GRAND BAY,Grand Bay-Westfield,NB,,
TIDNISH BRIDGE UNITED CHURCH,Park Elgin,NB,,
TILLEY PENTECOSTAL CHURCH,Tilley,NB,,
Timber River Pentecostal Church,Timber River,NB,506.538.7647,
TIMBER RIVER PENTECOSTAL CHURCH INC,Port Elgin,NB,,
TORCH FOR TRUTH TABERNACLE INC,Saint John,NB,,
TRACY MILLS UNITED BAPTIST CHURCH,Tracey Mills,NB,,http://www.tmubc.com
TRACY STATION UNITED BAPTIST CHURCH,Tracy,NB,,
TRINITY BAPTIST REFORMED CHURCH OF ROTHESAY AND AREA,Saint John,NB,,
TRINITY CHURCH CORP,Perth Andover,NB,,
TRINITY CHURCH CORPORATION,Sussex,NB,,
TRINITY PRESBYTERIAN CHURCH INC,Woodstock,NB,,
TRINITY UNITED CHURCH,Albrights Corner,NB,,
TRINITY UNITED CHURCH,Albert Co,NB,,
TRINITY UNITED CHURCH,Limestone,NB,,
TRINITY UNITED CHURCH,Riverview,NB,,
TRINITY UNITED CHURCH,Shediac,NB,506.532.3119,http://www.trinityunitedchurchshediac.ca/
TRINITY UNITED CHURCH OF CANADA,Woodside,NB,,
TRINITY WESLEYAN CHURCH,Bristol,NB,,
TRUSTEES OF BROWN'S FLAT UNITED BAPTIST CHURCH INC,Browns Flat,NB,,
TRUTH TABERNACLE OF GREATER MONCTON,Moncton,NB,,
TRUTH TEMPLE INC.,Centreville,NB,,
UNDERHILL UNITED BAPTIST CHURCH,Blackville,NB,,
UNION STREET UNITED BAPTIST CHURCH,St. Stephen,NB,,
UNITED BAPTIST CHURCH,Wilson's Beach,NB,,
UNITED BAPTIST CHURCH OF MINTO,Minto,NB,,
UNITED BAPTIST CHURCH OF PERTH-ANDOVER,Perth-Andover,NB,,
UNITED BAPTIST CONVENTION OF THE ATLANTIC PROVINCES,Saint John,NB,,
United Imperial Church,Lahore(pakistan),NB,03014464471,
UNITED PENTECOSTAL CHAPEL,Nackawic,NB,,
UNITED PENTECOSTAL CHURCH,Ripples,NB,,
UNITED PENTECOSTAL CHURCH,Edmundston,NB,,
UNITED PENTECOSTAL CHURCH,Californig Sett,NB,,
UNITED PENTECOSTAL CHURCH,Lorne,NB,,
UNITED PENTECOSTAL CHURCH,Blacks Harbour,NB,,
UNITED PENTECOSTAL CHURCH,Campobello Island,NB,,
UNITED PENTECOSTAL CHURCH,York Co,NB,,
UNITED PENTECOSTAL CHURCH,Riceville,NB,,
UNITED PENTECOSTAL CHURCH,Zealand,NB,,
UNITED PENTECOSTAL CHURCH,Nackawic,NB,,
UNITED PENTECOSTAL CHURCH,Coldstream,NB,,
UNITED PENTECOSTAL CHURCH,Renous,NB,,
UNITED PENTECOSTAL CHURCH HARVEY STATION,Harvey Station,NB,,
UNITED PENTECOSTAL CHURCH OF BATH,Bath,NB,,
UNITED PENTECOSTAL CHURCH OF CHATHAM,Miramichi,NB,,
UNITED PENTECOSTAL CHURCH OF DOAKTOWN,Doaktown,NB,,
UNITED PENTECOSTAL CHURCH OF GEARY,Geary,NB,,
UNITED PENTECOSTAL CHURCH OF HARCOURT,Harcourt,NB,,
UNITED PENTECOSTAL CHURCH OF KOUCHIBOUGUAC,Kouchibouguac,NB,,
UNITED PENTECOSTAL CHURCH OF MARYSVILLE,Fredericton,NB,,
UNITED PENTECOSTAL CHURCH OF MILLVILLE N B,Millville,NB,,
UNITED PENTECOSTAL CHURCH OF MINTO,Minto,NB,,
UNITED PENTECOSTAL CHURCH OF SACKVILLE,Lutes Mountain,NB,,
UNITED PENTECOSTAL CHURCH OF STE ANNE DE MADAWASKA N B,St.anne De Madawaska,NB,,
UNITED PENTECOSTAL CHURCHES OF WATERVILLE,Temperance Vale,NB,,
UPLANDS UNITED BAPTIST CHURCH,Moncton,NB,,
UPPER BLACKVILLE UNITED BAPTIST CHURCH,Arbeau Settlement,NB,,
UPPER GAGETOWN UNITED BAPTIST CHURCH,Upper Gagetown,NB,,
UPPER HAINESVILLE UNITED BAPTIST CHURCH,Upper Hainesville,NB,,
UPPER HAMPSTEAD UNITED BAPTIST CHURCH,Upper Gagetown,NB,,
UPPER KENT UNITED PENTECOSTAL CHURCH,Upper Kent,NB,,
UPPER KNOXFORD UNITED BAPTIST CHURCH,Upper Knoxford,NB,,
UPPER MAUGERVILLE UNITED BAPTIST CHURCH,Fredericton,NB,,
UPPER MILLS UNITED CHURCH OF CANADA,Upper Mills,NB,,
UPSALQUITCH PASTORAL CHARGE,Robinsonville,NB,,
VICTORIA UNITED BAPTIST CHURCH,Somerville,NB,,
VICTORY BIBLE BAPTIST CHURCH INC,Hillsborough,NB,,
VICTORY LIFE CENTRE INC.,Riverview,NB,,
Victory Worship Center,Tabusintac,NB,506.779.4735,
VILLA MADONNA RETREAT HOUSE,Rothesay,NB,,
VOICE OF PENTECOST,Mcadam,NB,,
WATERLOO STREET UNITED BAPTIST CHURCH,Saint John,NB,,
WATERVILLE FAITH TABERNACLE INC,Carleton County,NB,,
WATERVILLE UNITED BAPTIST CHURCH,Waterville-Carleton,NB,,
WATERVILLE UNITED BAPTIST CHURCH,Waterville Sun Co.,NB,,
WELDON UNITED BAPTIST CHURCH,Weldon,NB,,
WELLINGTON STREET UNITED BAPTIST CHURCH,Miramichi,NB,,
WELSFORD PASTORAL CHARGE,Welsford,NB,,
WESLEY MEMORIAL UNITED CHURCH,Moncton,NB,,
WESLEY UNITED CHURCH,Lincoln,NB,,
WESLEY UNITED CHURCH,Riverside-Albert,NB,,
WESLEY UNITED CHURCH,Upper Cape,NB,,
WESLEY UNITED CHURCH,Exmoor,NB,,
WESLEY UNITED CHURCH,St. Andrews,NB,,
WESLEYAN CHURCH,Doaktown,NB,,
WESLEYAN CHURCH OF BLISSFIELD,Blissfield,NB,,
WESLEYAN CHURCH OF BLOOMFIELD,Bloomfield,NB,,
WESLEYAN CHURCH OF LOWER BRIGHTON,Lower Brighton,NB,,
WESLEYAN CHURCH OF LOWER HAINESVILLE,Lower Hainesville,NB,,
WESLEYAN CHURCH OF MAPLE RIDGE,Maple Ridge,NB,,
WESLEYAN CHURCH OF MILLSTREAM,Upper Coverdale,NB,,
WESLEYAN CHURCH OF MONCTON,Moncton,NB,,
WESLEYAN CHURCH OF NORTH HEAD,Grand Manan,NB,,
WESLEYAN CHURCH OF NORTON,Norton,NB,,
WESLEYAN CHURCH OF ROYALTON,Centreville,NB,,
WESLEYAN CHURCH OF SEAL COVE,Grand Manan,NB,,
WESLEYAN CHURCH OF WOODSTOCK,Woodstock,NB,,
WESLEYAN CHURCH PERTH-ANDOVER,Perth-Andover,NB,,
WEST LANE UNITED BAPTIST CHURCH,Moncton,NB,,
WEST RIVER UNITED CHURCH,Alma,NB,,
WESTFIELD UNITED CHURCH,Saint John,NB,,
WHEATON SETTLEMENT BAPTIST CHURCH,Wheaton Settlement,NB,506-372-9343,
WHITE HEAD BAPTIST CHURCH,White Head Island,NB,,
WHITEPINE BAPTIST CHURCH,Riverview,NB,506-386-2609,http://www.whitepinechurch.com
WHITNEY BAPTIST CHURCH,Whitney,NB,,
WICKHAM UNITED BAPTIST CHURCH,King Co,NB,,
WICKLOW UNITED BAPTIST CHURCH,Gordonsville,NB,,
WIGGIN'S COVE UNITED BAPTIST CHURCH,Waterborough,NB,,
WIRRAL UNITED BAPTIST CHURCH,Wirral,NB,,
WOOD POINT BAPTIST CHURCH INC,Woodpoint,NB,,
WOODSTOCK BAPTIST CHURCH,Woodstock,NB,506-324-8020,
WOODSTOCK CHRISTIAN FELLOWSHIP,Jacksonville,NB,,
ZEALAND SEVENTH-DAY ADVENTIST CHURCH,Zealand,NB,,
ZEALAND UNITED BAPTIST CHURCH,Burtts Corner,NB,,
Zion Pentecostal Church,Garnett Settlement,NB,,http://zion-pentecostal.wix.com/church
ZION PRESBYTERIAN CHURCH,West Branch,NB,,http://pccweb.ca/brpc
ZION PRESBYTERIAN CHURCH,New Jersey,NB,,
