,,SK,,
1ST SOUTHERN BAPTIST CHURCH OF MELFORT INC,Melfort,SK,,
ABBEY-LANCER/PORTREEVE PASTORAL CHARGE,Abbey,SK,,
ABERDEEN MENNONITE CHURCH,Aberdeen,SK,,
ABERDEEN UNITED CHURCH,Aberdeen,SK,,
ABUNDANT LIFE LUTHERAN CHURCH INC,Saskatoon,SK,,
Air Ronge Pentecostal Church,Air Ronge,SK,,
ALAMEDA-FROBISHER PASTORAL CHARGE,Alameda,SK,,
ALL NATIONS NEW LIFE CHURCH,Saskatoon,SK,,
ALL SAINTS ANGLICAN CHURCH,Melville,SK,,
ALL SAINTS ANGLICAN CHURCH,Lac La Ronge,SK,,
ALL SAINTS ANGLICAN CHURCH,Regina,SK,,
ALL SAINTS CHURCH,Lashburn,SK,,
ALL SAINTS CHURCH,Maymont,SK,,
ALL SAINTS CHURCH,Vawn,SK,,
ALL SAINTS CHURCH,Shaunavon,SK,,
ALL SAINTS CHURCH,Watrous,SK,,
ALL SAINTS CHURCH,Saskatoon,SK,,
ALL SAINTS PARISH MAYFAIR SK,Hafford,SK,,
ALL SAINTS UKRAINIAN ORTHODOX CHURCH,Melfort,SK,,
ALLAN BAPTIST CHURCH,Allan,SK,,
ALLIANCE CHURCH OF LA RONGE,La Ronge,SK,,
ALPINE CHURCH OF GOD,Swift Current,SK,,
ALSASK UNITED CHURCH,Alsask,SK,,http://www.bigcountryunitedchurches.ca
Ambassadors for Christ Peace Gate Church,White City Sk,SK,13063473272,http://www.afcmi.org
ANGLICAN PARISH OF BIRCH HILLS/ KINISTINO,Birch Hills,SK,,
ANGLICAN PARISH OF ESTEVAN,Estevan,SK,,
ANGLICAN PARISH OF LEASK,Leask,SK,,
ANGLICAN PARISH OF ST DAVID,Prince Albert,SK,,
ANGLICAN PARISH OF ST MATTHEW FOXLEIGH AND WINNETKA,Regina,SK,,
APOSTOLIC CHRISTIAN CHURCH OF REGINA,Regina,SK,,
APOSTOLIC CHURCH OF NORTH BATTLEFORD,North Battleford,SK,,
APOSTOLIC CHURCH OF PENTECOST,Hudson Bay,SK,,
ARBORFIELD UNITED CHURCH,Arborfield,SK,,
ARCHERWILL UNITED CHURCH,Archerwill,SK,,
ARCHIEPISCOPAL CORPORATION OF REGINA,Regina,SK,,
ARCOLA ALLIANCE CHURCH OF THE CHRISTIAN & MISSIONARY ALLIANCE,Arcola,SK,,
ARDATH UNITED CHURCH,Ardath,SK,,
ARELEE MENNONITE BRETHREN CHURCH,Arelee,SK,,
ARGYLE ROAD BAPTIST CHURCH,Regina,SK,,
ASCENSION OF OUR LORD UKRAINIAN CATHOLIC CHURCH OF SWAN PLAIN,Saskatoon,SK,,
ASQUITH BAPTIST CHURCH,Asquith,SK,,
ASQUITH PASTORAL CHARGE,Asquith,SK,,
Assiniboia Alliance Church,Assiniboia,SK,306-642-4557,http://assiniboiaalliance.ca
ASSINIBOIA APOSTOLIC CHURCH,Assiniboia,SK,,
ASSINIBOIA PASTORAL CHARGE,Assiniboia,SK,,
ASSOCIATED GOSPEL CHURCH,Davidson,SK,,
ASSUMPTION B V M UKRAINIAN CATHOLIC CHURCH,Calder,SK,,
ASSUMPTION OF THE BLESSED VIRGIN MARY CHURCH,Bankend,SK,,
ASSUMPTION OF THE BLESSED VIRGIN MARY PARISH PORCUPINE PLAIN SK,Porcupine Plain,SK,,
ASSUMPTION OF THE BLESSED VIRGIN MARY PARISH ST WALBURG,St. Walburg,SK,,
ASSUMPTION R C CHURCH,Holdfast,SK,,
AUGUSTANA LUTHERAN CHURCH,Saskatoon,SK,,
AVALON ALLIANCE CHURCH,Saskatoon,SK,,
Avonhurst Pentecostal Assembly,Regina,SK,(306) 543-8333,http://www.avonhurst.com
AVONLEA BRIERCREST PASTORAL CHARGE,Hearne,SK,,
AVONLEA FREE METHODIST CHURCH,Avonlea,SK,,
AYLSHAM UNITED CHURCH,Aylsham,SK,,
BAGLEY BAPTIST CHURCH,Melfort,SK,,
BALGONIE BAPTIST CHURCH,Balgonie,SK,(306) 771-2545,http://www.balgoniebaptist.org
Balgonie United Church,Balgonie,SK,306-771-4303,
BALMORAL UNITED CHURCH,Saskatoon,SK,,
Battle River Christian Family,Battleford,SK,,
BATTLEFORD PASTORAL CHARGE,Battleford,SK,,
BATTLEFORDS VICTORY CHURCH INC,North Battleford,SK,,
BAY PARK BAPTIST CHURCH,Saskatoon,SK,,
BEAUBIER LUTHERAN CHURCH,Beaubier,SK,,
BEKEVAR PRESBYTERIAN CHURCH,Kipling,SK,,
BELBUTTE CHURCH,Spiritwood,SK,,
BENGOUGH CHURCH OF CHRIST,Bengough,SK,,
BERGTHALER MENNONITE CHURCH INC,Warman,SK,,
BETHANIA LUTHERAN CHURCH,Domremy,SK,,
BETHANIA LUTHERAN CHURCH,Macrorie,SK,,
BETHANY EVANGELICAL COVENANT CHURCH,Norquay,SK,,
BETHANY EVANGELICAL MISSIONARYCHURCH,Melville,SK,,
BETHANY GOOD SHEPHERD CHURCH,Porcupine Plain,SK,,
BETHANY LUTHERAN CHURCH,Archerwill,SK,,
BETHANY LUTHERAN CHURCH,Parkbeg,SK,,
BETHANY MENNONITE CHURCH,Codette,SK,,
BETHANY MENNONITE CHURCH,Watrous,SK,,
BETHANY UNITED CHURCH,Naicam,SK,,
BETHEL CHRISTIAN REFORMED CHURCH,Saskatoon,SK,,
BETHEL LUTHERAN CHURCH,Frontier,SK,,
BETHEL LUTHERAN CHURCH,Elbow,SK,,
BETHEL LUTHERAN CHURCH,Glaslyn,SK,,
BETHEL MISSION ASSEMBLY,Weyburn,SK,,
BETHEL PENTECOSTAL CHURCH,Imperial,SK,,
BETHEL TEMPLE,Kelvington,SK,,
BETHEL UNITED CHURCH,Moosomin,SK,,
BETHEL UNITED CHURCH,Liberty,SK,,
BETHLEHEM EVANGELICAL LUTHERANCHURCH OF OUTLOOK,Outlook,SK,,
BETHLEHEM LUTHERAN CHURCH,Hawarden,SK,,
BETHUNE UNITED CHURCH,Bethune,SK,,
BEULAH LAND BAPTIST CHURCH,Prince Albert,SK,,
BIBLE BAPTIST CHURCH OF LOON LAKE,Loon Lake,SK,,
BIBLEWAY BAPTIST CHURCH,Regina,SK,,
BIG COUNTRY PARISH COUNCIL,Kindersley,SK,,
Biggar Associated Gospel Church,Biggar,SK,306-948-3424,
Biggar Church of God,Biggar,SK,(306) 946-2936,
BIGGAR PASTORAL CHARGE,Biggar,SK,,
BIRCH HILLS LUTHERAN CHURCH,Birch Hills,SK,,
BIRCH HILLS UNITED CHURCH,Birch Hills,SK,,
BISSEL MEMORIAL UNITED CHURCH-SPIRITWOOD,Spiritwood,SK,,
BISSELL MEMORIAL UNITED CHURCH,Glaslyn,SK,,
BLESSED SACRAMENT CHURCH,Regina,SK,,
BORDEN UNITED CHURCH,Borden,SK,,
BRANDON SEVENTH-DAY ADVENTIST CHURCH,Saskatoon,SK,,
BREAD OF LIFE LUTHERAN CHURCH INC.,Regina,SK,,
BRIDGEWAY COMMUNITY CHURCH MENNONITE BRETHEREN,Swift Current,SK,,
BROADWAY UNITED CHURCH,Regina,SK,,
BROCK PASTORAL CHARGE,Fiske,SK,,
BROCK UNITED CHURCH,Netherhill,SK,,
BRORA PASTORAL CHARGE,Regina,SK,,
CABRI FULL GOSPEL CHURCH,Cabri,SK,,
CABRI UNITED CHURCH,Cabri,SK,,
CALDER UNITED CHURCH,Calder,SK,,
CALVARY BAPTIST CHURCH,Kipling,SK,,
CALVARY BAPTIST CHURCH ,Regina,SK,3065438007,http://www.cbcregina.org
CALVARY BAPTIST CHURCH,Weyburn,SK,,
CALVARY BAPTIST CHURCH OF MOOSE JAW INC,Moose Jaw,SK,,
Calvary Church,Saskatoon,SK,306-374-8540,
CALVARY UNITED CHURCH,Loon Lake,SK,,
CALVARY UNITED CHURCH,Prince Albert,SK,,
CALVIN GOFORTH PRESBYTERIAN CHURCH,Saskatoon,SK,,
CANADIAN MARTYRS PARISH,Saskatoon,SK,,
CANADIAN MARTYRS PARISH CARROT RIVER SK,Carrot River,SK,,
CANADIAN MIDWEST DISTRICT OF THE CHRISTIAN & MISSIONARY ALLIANCE,Regina,SK,,
CANORA SEVENTH-DAY ADVENTIST CHURCH,Saskatoon,SK,,
Canwood Pentecostal Church ,Canwood,SK,306.468.2138,http://www.cwoodchurch.com
CARIEVALE UNITED CHURCH,Carnduffe,SK,,
CARLYLE PASTORAL CHARGE,Carlyle,SK,,
Carlyle Pentecostal Assembly,Carlyle,SK,306-453-2781,http://carlylepa.podbean.com/
Carmel Pentecostal Church,Saskatoon,SK,306 229 5065,
Carnduff Associated Gospel Church,Carnduff,SK,306-482-3388,
CARNDUFF PASTORAL CHARGE,Carnduff,SK,,
CARROT RIVER CHURCH OF GOD IN CHRIST INC,Carrot River,SK,,
CARROT RIVER MENNONITE CHURCH,Carrot River,SK,,
CARROT RIVER UNITED CHURCH,Carrot River,SK,306-768-2472,http://www.carrotriverunitedchurch.org
CARROT RIVER VALLEY LUTHERAN CHURCH,Melfort,SK,,
CATHEDRAL CHURCH OF ST ALBAN THE MARTYR (ST ALBAN'S CATHEDRAL,Prince Albert,SK,,
CELEBRATION LUTHERAN CHURCH INC,Regina,SK,,
CENTRAL BUTTE PASTORAL CHARGE,Central Butte,SK,,
CENTRAL EVANGELICAL LUTHERAN CHURCH OF REGINA,Regina,SK,,
CENTRAL LUTHERAN CHURCH,Moose Jaw,SK,,
CENTRE STREET UNITED CHURCH,Shaunavon,SK,,
CEYLON UNITED CHURCH,Hardy,SK,,
CHAPLIN LUTHERAN CHURCH,Chaplin,SK,,
CHAPLIN UNITED CHURCH,Chaplin,SK,,
Chief Cornerstone Pentecostal Church,Canwood,SK,,
CHRIST CHURCH,Delisle,SK,,
CHRIST CHURCH,Paynton,SK,,
CHRIST CHURCH,Saskatoon,SK,,
CHRIST CHURCH SPIRITWOOD,Spiritwood,SK,,
CHRIST LUTHERAN CHURCH,Earl Grey,SK,,
CHRIST LUTHERAN CHURCH,Kipling,SK,,
CHRIST LUTHERAN CHURCH,Regina,SK,(306) 352-4832,http://clcregina.com/
CHRIST LUTHERAN CHURCH,Rhein,SK,,
CHRIST LUTHERAN CHURCH,Tisdale,SK,,
CHRIST LUTHERAN CHURCH,Odessa,SK,,
CHRIST LUTHERAN CHURCH,Young,SK,,
CHRIST LUTHERAN CHURCH LANGENBURG,Langenburg,SK,,
CHRIST LUTHERAN CHURCH OF MARENGO INC,Marengo,SK,,
CHRIST LUTHERAN CHURCH OF NEUDORF SASKATCHEWAN INC,Neudorf,SK,,
CHRIST THE KING CHURCH,Regina,SK,(306) 586-9020,http://www.christtheking.ca
CHRIST THE KING R C CHURCH,Foam Lake,SK,,
CHRIST THE KING R C PARISH,Rose Valley,SK,,
CHRISTIAN & MISSIONARY ALLIANCE CHURCH,Rosetown,SK,,
CHRISTIAN FAITH FELLOWSHIP OF FOX VALLEY INC.,Fox Valley,SK,,
Christian Fellowship Centre,Cumberland House,SK,,
CHRISTIAN FELLOWSHIP CHURCH OFRHINELAND,Swift Current,SK,,
Christian Life Fellowship,Warman,SK,306.934.7007,http://www.clfchurch.ca/
CHRISTIANS MEETING AT OXBOW SASK,Oxbow,SK,,
CHURCH OF CHRIST,Swift Current,SK,,
CHURCH OF CHRIST,Outlook,SK,,
CHURCH OF CHRIST,Mccord,SK,,
CHURCH OF CHRIST,Moose Jaw,SK,,
CHURCH OF CHRIST,Gravelbourg,SK,,
CHURCH OF GOD,Weyburn,SK,,
CHURCH OF GOD,Biggar,SK,,
CHURCH OF GOD,Estevan,SK,,
CHURCH OF GOD,Churchbridge,SK,,
CHURCH OF GOD,Moose Jaw,SK,,
Church of God at Erwood,Hudson Bay,SK,306-865-3935,
CHURCH OF GOD AT ERWOOD SASKATCHEWAN,Hudson Bay,SK,,
CHURCH OF GOD SEVENTH DAY MEATH PARK & NIPAWIN CONGREGATIONS,White Fox,SK,,
CHURCH OF OUR LADY,Carlyle,SK,,
CHURCH OF OUR LADY,Moose Jaw,SK,,
CHURCH OF THE ASCENSION,Arborfield,SK,,
CHURCH OF THE ASSUMPTION,Kyle,SK,,
CHURCH OF THE EPIPHANY OF OUR LORD INC,Regina,SK,,
CHURCH OF THE GOOD SHEPHERD,Endeavour,SK,,
CHURCH OF THE MESSIAH,Okla,SK,,
CHURCH OF THE NAZARENE,Yorkton,SK,,
Church of the Open Bible,Swift Current,SK,306-773-2362,http://www.openbiblechurch.net
CHURCH ON THE HILL,Glenavon,SK,,
Churchbridge Church of God,Churchbridge,SK,306-896-2395,
CHURCHBRIDGE GOSPEL OUTREACH CENTER INC,Langenburg,SK,,
CIRCLE DRIVE ALLIANCE CHURCH,Saskatoon,SK,,
Circle Drive Alliance Church Prairie Chapel,Saskatoon,SK,(306) 955-7366,
CIRCLE WEST PRESBYTERIAN CHURCH,Saskatoon,SK,,
CLAVET UNITED CHURCH,Clavet,SK,,
CLIMAX PASTORAL CHARGE,Frontier,SK,,
CLIMAX UNITED CHURCH,Climax,SK,,
COLEVILLE UNITED CHURCH,Coleville,SK,,
COLLEGE PARK COVENANT CHURCH OF SASKATOON,Saskatoon,SK,,
COLONSAY UNITED CHURCH,Colonsay,SK,,
"Community Baptist Church - North Battleford, SK",North Battleford,SK,306-446-3077,http://www.communitybaptistchurch.ca
Community Gospel Church,Martensville,SK,306-931-2784,
COMPASS EMMANUEL CHURCH,Rapid View,SK,,
CONCORDIA LUTHERAN CHURCH,Claydon,SK,,
CONCORDIA LUTHERAN CHURCH OF CHURCHBRIDGE,Churchbridge,SK,,
CONFERENCE OF MENNONITES OF SASKATCHEWAN,Saskatoon,SK,,
CONGREGATION OF THE DESCENT OF THE HOLY GHOST,Canora,SK,,
CONSUL CHURCH OF GOD INC,Consul,SK,,
CONSUL PASTORAL CHARGE,Consul,SK,,
CONSUL R C CHURCH,Consul,SK,,
Cornerstone Associated Gospel Church,Mossbank,SK,306-354-2301,
CORNERSTONE BAPTIST CHURCH INC.,Regina,SK,,
CORNERSTONE CHURCH MENNONITE,Saskatoon,SK,,
Cornerstone Fellowship Church,Swift Current,SK,204-773-2678,
CORNERSTONE FREE METHODIST CHURCH,Prince Albert,SK,,
CORONACH ALLIANCE CHURCH OF THE CHRISTIAN AND MISSIONARY ALLIANCE IN CANADA,Coronach,SK,,
CORONACH UNITED CHURCH,Coronach,SK,,
COTEAU HILLS BIBLE CHURCH INC,Mortlach,SK,,
COTEAU HILLS PASTORAL CHARGE,Lucky Lake,SK,,
COURTS OF PRAISE FOURSQUARE GOSPEL CHURCH,Saskatoon,SK,,
CRAIK UNITED CHURCH,Craik,SK,,
CRAVEN UNITED CHURCH,Craven,SK,,
CROOKED RIVER LUTHERAN CHURCH INC.,Crooked River,SK,,
Crossroads Church,Herbert,SK,(306) 784-3407,
Crossroads Pentecostal Assembly,Prince Albert,SK,(306) 763-3828,http://www.crossroadspa.org
CRYSTAL SPRINGS UNITED CHURCH (CONGREGATION OF BIRCH HILLS PASTORAL CHARGE),Birch Hills,SK,,
CUPAR UNITED CHURCH,Cupar,SK,,
CUT KNIFE-ROCK HAVEN PASTORAL CHARGE,Cut Knife,SK,,
D'ARCY UNITED CHURCH,Fiske,SK,,
DAHLTON LUTHERAN CHURCH,Archerwill,SK,,
DALMENY BIBLE CHURCH,Dalmeny,SK,,
DALMENY COMMUNITY CHURCH,Dalmeny,SK,,
DANNEVIRKE LUTHERAN CHURCH,Redvers,SK,,
DAUPHIN SEVENTH-DAY ADVENTIST CHURCH,Saskatoon,SK,,
Davidson Associated Gospel Church,Davidson,SK,306-567-2870,
DAVIDSON PASTORAL CHARGE,Davidson,SK,,
DELISLE COMMUNITY CHAPEL,Delisle,SK,306-493-2454,http://www.delislecommunitychapel.com
DELISLE PASTORAL CHARGE,Delisle,SK,,
DESCENT OF THE HOLY SPIRIT UKRAINIAN CATHOLIC PARISH,Wadena,SK,,
DIEFENBAKER DRIVE COMMUNITY CHURCH INC,Saskatoon,SK,,
DINSMORE UNITED CHURCH,Dinsmore,SK,,
DISCOVERY BAPTIST CHURCH,Regina,SK,,
DODSLAND UNITED CHURCH,Dodsland,SK,,
Dolly Bear 	 House of Faith,Pierceland,SK,,
Dominion Chapel Ministries,Yorkton,SK,(306) 620-2462,http://www.dominionchapelcanada.com
DOMINION ROAD BAPTIST CHURCH,Assiniboia,SK,(306) 642-3802,http://www.sasktelwebsite.net/bapchur
DOVRE LUTHERAN CHURCH,Spalding,SK,,
DUBUC UNITED CHURCH,Dubuc,SK,,
DUFF UNITED CHURCH,Melville,SK,,
DUNBLANE LAESTADIAN LUTHERAN CHURCH INC,Macrorie,SK,,
DUNDURN GOSPEL CHURCH INC,Dundurn,SK,,
DUNDURN MENNONITE CHURCH,Dundurn,SK,,
DUNDURN UNITED CHURCH,Dundurn,SK,,
DUNLEATH PRESBYTERIAN CHURCH,Yorkton,SK,,
DUVAL UNITED CHURCH,Strasbourg,SK,,
DYSART ROMANIAN ORTHODOX CHURCH ST M M GEORGE,Dysart,SK,,
EARL GREY UNITED CHURCH,Earl Grey,SK,,
EAST SIDE CHURCH OF GOD,Swift Current,SK,,
EASTEND PASTORAL CHARGE,Eastend,SK,,
Eastside Church of God,Swift Current,SK,306-773-4889,
EASTSIDE UNITED CHURCH,Regina,SK,,
EATONIA UNITED CHURCH,Eatonia,SK,,
EBENEZER BAPTIST CHURCH INC,Saskatoon,SK,,
EBENEZER BAPTIST CHURCH OF EBENEZER INC,Ebenezer,SK,,
ECCLESIASTICAL PROVINCE OF RUPERT'S LAND,Saskatoon,SK,,
Edam Full Gospel Assembly ,Edam,SK,,
EDGELEY UNITED CHURCH,Edgeley,SK,,
EGLISE NOTRE-DAME DE FATIMA (OUR LADY OF FATIMA CHURCH),Redvers,SK,,
EGLISE ST ANNE CHURCH,Wolseley,SK,,
Elim Tabernacle,Saskatoon,SK,306-374-1700,http://elimtab.ca
ELROSE COMMUNITY CHURCH OF THE CHRISTIAN AND MISSIONARY ALLIANCE,Elrose,SK,,
ELROSE UNITED CHURCH,Elrose,SK,,
EMMANUEL BAPTIST CHURCH,Saskatoon,SK,,
EMMANUEL BAPTIST CHURCH OF NIPAWIN INC,Nipawin,SK,,
EMMANUEL COMMUNITY CHURCH,Pierceland,SK,,
EMMANUEL LUTHERAN CHURCH,Moose Jaw,SK,,
EMMANUEL LUTHERAN CHURCH,Southey,SK,,
EMMANUEL MENNONITE BRETHERN CHURCH,Saskatoon,SK,,
Emmanuel Pentecostal Fellowship,North Battleford,SK,,
EMMAUS MENNONITE CHURCH,Wymark,SK,(306) 778-1744,
Endeavour Fellowship Chapel,Endeavour,SK,306-547-2117,
EPISCOPAL CORPORATION OF SASKATOON,Saskatoon,SK,,
EPISCOPAL CORPORATION OF SASKATOON IMMACULATE HEART OF MARY,Martensville,SK,,
EPISCOPAL CORPORATION OF SASKATOON OUR LADY HELP OF CHRISTIANS,Milden,SK,,
EPISCOPAL CORPORATION OF SASKATOON PAROISSE ST-PHILIPPE CHURCH,Vonda,SK,,
EPISCOPAL CORPORATION OF SASKATOON SACRED HEART MISSION - MARENGO SASKATCHEWAN,Kindersley,SK,,
EPISCOPAL CORPORATION OF SASKATOON ST PATRICK PARISH CENTER,Saskatoon,SK,,
EPISCOPAL CORPORATION OF SASKATOON ST THERESA'S PARISH ASQUITH,Asquith,SK,,
EPISCOPAL CORPORATION OF SASKATOON-ST ANN'S PARISH,Delisle,SK,,
EPISCOPAL CORPORATION OF SASKATOON-ST JOSEPH'S PARISH,Kindersley,SK,,
EPISCOPAL CORPORATIONOF SASKATOON ST MARK'S CHURCH LANGHA,Langham,SK,,
ERICKSON SEVENTH-DAY ADVENTIST CHURCH,Saskatoon,SK,,
ERINDALE ALLIANCE CHURCH,Saskatoon,SK,,
ESTERHAZY BAPTIST CHURCH INC,Esterhazy,SK,,
Estevan Gospel Chapel,Estevan,SK,306-634-3761,
ESTEVAN TRINITY LUTHERAN CHURCH,Estevan,SK,(306) 634-5684,
ESTON FULL GOSPEL CHURCH,Eston,SK,,
EVANGEL TABERNACLE,Preeceville,SK,,
EVANGELICAL FREE CHURCH OF MEADOW LAKE INCORPORATED,Meadow Lake,SK,,
EVANGELICAL FREE CHURCH OF REGINA,Regina,SK,,
EVANGELICAL LUTHERAN EMMANUEL CHURCH,Vibank,SK,,
EVESHAM COMMUNITY CHURCH,Macklin,SK,,
EYEBROW FREE METHODIST CHURCH,Eyebrow,SK,,
FAIRHAVEN BIBLE CHAPEL,Saskatoon,SK,306-384-1919,http://fairhaven-bible-chapel.org/
FAIRMONT BAPTIST CHURCH INC,Saskatoon,SK,,
FAIRVIEW BIBLE CHURCH,Swift Current,SK,,
Faith Alive Family Church,Saskatoon,SK,306-652-2230,http://www.fafc.ca
FAITH BAPTIST CHURCH,Regina,SK,(306) 569-3444,http://www.fbcregina.ca
Faith Christian Fellowship Church,Eastend,SK,295-3668,http://www.fcfeastend.com
FAITH EVANGELICAL LUTHERAN CHURCH,Saskatoon,SK,,
FAITH EVANGELICAL LUTHERAN CHURCH,Buchanan,SK,,
FAITH FREE LUTHERAN CONGREGATION INC,Lake Alma,SK,,
FAITH HARVEST FELLOWSHIP (CHRISTIAN CHURCH),Rockglen,SK,,
FAITH LUTHERAN CHURCH,Lampman,SK,,
FAITH LUTHERAN CHURCH,Middle Lake,SK,,
FAITH LUTHERAN CHURCH OF CORONACH INC,Coronach,SK,,
FAMILY COMMUNITY CHURCH,Swift Current,SK,(306) 773-2151,http://www.fcchurch.ca
Family Life Fellowship,Lloydminster,SK,306-825-3263,
FAMILY LIFE FELLOWSHIP INC.,Lloydminster,SK,,
FAMILY WORSHIP CENTRE,Saskatoon,SK,,
Family Worship Centre,Yorkton,SK,306 783-3001,
FELLOWSHIP BAPTIST CHURCH,Saskatoon,SK,,
FELLOWSHIP BAPTIST CHURCH REGINA INCORPORATED,Regina,SK,,
FIFE LAKE UNITED CHURCH,Fife Lake,SK,,
FILLMORE PASTORAL CHARGE,Fillmore,SK,,
FIRST BAPTIST CHURCH,Midale,SK,,
FIRST BAPTIST CHURCH,Nipawin,SK,,
FIRST BAPTIST CHURCH,Yorkton,SK,,
FIRST BAPTIST CHURCH,Moose Jaw,SK,,
FIRST BAPTIST CHURCH,Prince Albert,SK,,
FIRST BAPTIST CHURCH,Saskatoon,SK,,
FIRST BAPTIST CHURCH,Golden Prairie,SK,,
First Baptist Church,Lloydminster,SK,306 825 2451,http://www.fbclloyd.ca
FIRST BAPTIST CHURCH LLOYDMINSTER,Lloydminster,SK,,
FIRST BAPTIST CHURCH REGINA INC.,Regina,SK,,
FIRST FREE METHODIST CHURCH,Moose Jaw,SK,,
FIRST MENNONITE CHURCH,Saskatoon,SK,,
FIRST PRESBYTERIAN CHURCH,Regina,SK,,
FIRST SASKATCHEWAN LUTHERAN CHURCH,Langham,SK,,
FIRST UNITED CHURCH,Swift Current,SK,,
FIRST UNITED CHURCH,Melville,SK,,
FIRST UNITED CHURCH,Big River,SK,,
FIRST UNITED LUTHERAN CHURCH,Creighton,SK,,
FIRST UNITED PENTECOSTAL CHURCH OF SASKATOON,Saskatoon,SK,,
FOAM LAKE UKRAINIAN GREEK CATHOLIC CHURCH OF THE HOLY EUCHARIST,Foam Lake,SK,,
FOAM LAKE UNITED CHURCH,Foam Lake,SK,,
FOOTE COPELAND UNITED CHURCH,Wynyard,SK,,
FOREST GROVE COMMUNITY CHURCH,Saskatoon,SK,,
FOURSQUARE GOSPEL CHURCH OF CANDO,Cando,SK,,
FOX VALLEY TRINITY LUTHERAN CHURCH INC,Fox Valley,SK,,
FREE METHODIST CHURCH,Parkman,SK,,
FREE PENTECOSTAL CHURCH,Yorkton,SK,,
Freedom in Christ Mission and Ministries Int'l,Swift Current,SK,13069710122,
Freedom in Christ Mission and Ministries International,Swift Current,SK,13069710122,
FRONTIER UNITED CHURCH,Frontier,SK,,
FULL GOSPEL ASSEMBLY EDAM,Edam,SK,,
FULL GOSPEL CHURCH,Swift Current,SK,,
FULL GOSPEL CHURCH,Carlye,SK,,
FULL GOSPEL OUTREACH CENTRE,Prince Albert,SK,,
Gateway Church,Redvers,SK,,
GATEWAY COMMUNITY CHURCH,Canora,SK,,
GATEWAY COVENANT CHURCH,Prince Albert,SK,,
Gideon Gospel Mission (Malayalam Church) - Saskatoon,Saskatoon,SK,306-881-1285,
GIRVIN UNITED CHURCH,Davidson,SK,,
Glad Tidings Tabernacle,Birch Hills,SK,,
GLADMAR LUTHERAN CHURCH,Gladmar,SK,,
Glaslyn Pentecostal Assembly,Glaslyn,SK,,http://glaslynpentecostalassembly.com 
Glen Povey 	 Morning Star Ministries,Regina,SK,,
Glen Povey Morning Star Ministries,Regina,SK,,
GLENBUSH MENNONITE BRETHREN CHURCH,Medstead,SK,,
GLENCAIRN ALLIANCE CHURCH,Regina,SK,,
GLENTWORTH UNITED CHURCH,Glentworth,SK,,
Global Faith Healing Ministries,Regina,SK,306-216-0497,http://globalfaithhealing ministries
GLOBAL MISSIONS INCORPORATED,North Battleford,SK,,
GOOD SAMARITAN PARISH,Regina,SK,306-543-5355,
GOOD SHEPHERD COMMUNITY CHURCH,Cut Knife,SK,,
GOOD SHEPHERD LUTHERAN CHURCH,Melville,SK,,
GOOD SHEPHERD LUTHERAN CHURCH,Meadow Lake,SK,,
GOOD SHEPHERD LUTHERAN CHURCH,Regina,SK,,
GOOD SHEPHERD LUTHERAN CHURCH,Saskatoon,SK,,
GOOD SHEPHERD LUTHERAN CHURCH,Hudson Bay,SK,,
Good Spirit Church,Canora,SK,3065719022,http://www.goodspiritchurch.com
GOSPEL CHURCH,Warman,SK,,
GOSPEL FELLOWSHIP CHURCH,Foam Lake,SK,,
GOSPEL LIGHTHOUSE,Kindersley,SK,,
Gospel Of Grace Fellowship,Weyburn,SK,3068613819,http://www.weyburnchurch.com
Gouldtown Gospel Chapel,Gouldtown,SK,306-784-3567,
GOVAN UNITED CHURCH,Govan,SK,,
GRACE BIBLE BAPTIST CHURCH,Yorkton,SK,,
GRACE CANADIAN LUTHERAN CHURCH,Broadview,SK,,
Grace Community Church,Yorkton,SK,,
GRACE COMMUNITY CHURCH,Estevan,SK,,
Grace Fellowship,Saskatoon,SK,306-373-4114,http://www.gracesask.com
GRACE LUTHERAN CHURCH,Regina,SK,,
GRACE LUTHERAN CHURCH - ZORRA,Calder,SK,,
GRACE LUTHERAN CHURCH OF SASKATOON INC,Saskatoon,SK,(306) 934-1011,http://www.gracelutheranchurch.ca
GRACE MENNONITE CHURCH OF REGINA,Regina,SK,,
GRACE MENNONITE CHURCH PRINCE ALBERT,Prince Albert,SK,,
GRACE PASTORAL CHARGE,Swift Current,SK,,
GRACE PRESBYTERIAN CHURCH OF REGINA INC,Regina,SK,,
GRACE UNITED CHURCH,Weyburn,SK,,
GRACE UNITED CHURCH,Lemberg,SK,,
GRACE UNITED CHURCH,Stoughton,SK,,
GRACE UNITED CHURCH,Leroy,SK,,
GRACE UNITED CHURCH,Loverna,SK,,
GRACE UNITED CHURCH,Macklin,SK,,
GRACE UNITED CHURCH,Val Marie,SK,,
GRACE UNITED CHURCH SHELL LAKE,Shell Lake,SK,,
GRACE WESTMINSTER UNITED CHURCH,Saskatoon,SK,,
GRANDVIEW UNITED CHURCH,Moose Jaw,SK,,
GRAVELBOURG UNITED CHURCH,Gravelbourg,SK,,
GRAY UNITED CHURCH,Gray,SK,,
GREEK ORTHODOX COMMUNITY OF YORKTON AND MELVILLE INC,Yorkton,SK,,
GREEN VALLEY LUTHERAN CHURCH,Outlook,SK,,
GRENFELL PASTORAL CHARGE,Grenfell,SK,,
GRENFELL REVIVAL CENTRE,Grenfell,SK,,
GROSVENOR PARK UNITED CHURCH,Saskatoon,SK,,http://www.gpuc.ca
GULL LAKE PASTORAL CHARGE,Gull Lake,SK,,
HAGUE MENNONITE CHURCH,Hague,SK,,
HAMAR LUTHERAN CHURCH,Oungre,SK,,
HANLEY EVANGELICAL LUTHERAN CHURCH,Hanley,SK,,
HANLEY MENNONITE CHURCH,Hanley,SK,,
HANLEY UNITED CHURCH,Hanley,SK,,
HARRIS UNITED CHURCH,Harris,SK,,
Harvest City Church,Regina,SK,306-569-1935,http://www.harvestcity.ca
Healing Hearts Ministry,Regina,SK,306.565.3732,http://www.healinghearts.ca
HELLENIC ORTHODOX COMMUNITY OF KOIMISIS TIS THEOTOKOU OF SASKATOON,Saskatoon,SK,,
HEPBURN GOSPEL CHURCH,Hepburn,SK,,
HEPBURN MENNONITE BRETHREN CHURCH,Hepburn,SK,,
HERBERT CHURCH OF GOD,Herbert,SK,,
HERBERT EVANGELICAL FREE CHURCH,Herbert,SK,,
HERBERT MENNONITE CHURCH,Herbert,SK,,
HERBERT UNITED CHURCH,Herbert,SK,,
HERITAGE ALLIANCE CHURCH,Regina,SK,,
HERITAGE BAPTIST CHURCH OF YORKTON INC,Yorkton,SK,,
HERITAGE UNITED CHURCH,Regina,SK,,
HERSCHEL EBENFELD MENNONITE CHURCH INC,Herschel,SK,,
HERSCHEL UNITED CHURCH,Herschel,SK,,
HILL AVENUE SEVENTH-DAY ADVENTIST CHURCH,Saskatoon,SK,,
HILLCREST APOSTOLIC CHURCH,Moose Jaw,SK,,
HILLSDALE ALLIANCE CHURCH,Regina,SK,,
HILLSDALE BAPTIST CHURCH,Regina,SK,,
HILLSIDE CHRISTIAN FELLOWSHIP CHURCH (MENNONITE BRETHREN),Beechy,SK,,
Hiway Tabernacle,White Fox,SK,,
HOFFNUNGSFELDER MENNONITE CHURCH,Glenbush,SK,,
HOFFNUNGSFELDER MENNONITE CHURCH,Rabbit Lake,SK,,
HOFFNUNGSFELDER MENNONITE CHURCH - MAYFAIR BRANCH,Mayfair,SK,,
HOLDFAST UNITED CHURCH,Holdfast,SK,,
HOLY ANGELS PARISH MCLEAN SASKATCHEWAN,Mclean,SK,,
HOLY CHILD PARISH,Regina,SK,,
HOLY CROSS CHURCH,Regina,SK,306-757-1325,
HOLY CROSS LUTHERAN CHURCH,Saskatoon,SK,306-382-0544,
HOLY CROSS PARISH GLASLYNSK,Glaslyn,SK,,
HOLY EUCHARIST UKRAINIAN GREEK CATHOLIC PARISH,Dysart,SK,,
HOLY FAMILY PARISH,Saskatoon,SK,,
HOLY FAMILY PARISH,Odessa,SK,,
HOLY FAMILY PARISH,Regina,SK,,
HOLY GHOST UKRAINIAN CATHOLIC PARISH,Montmartre,SK,,
HOLY RESURRECTION ORTHODOX CHURCH,Saskatoon,SK,,
HOLY ROSARY CATHEDRAL,Regina,SK,,
HOLY ROSARY CHURCH,Unity,SK,,
HOLY SPIRIT GREEK CATHOLIC CHURCH OF OROLOW,Borden,SK,,
HOLY TRINITY ANGLICAN CHURCH,Meadow Lake,SK,,
HOLY TRINITY ANGLICAN CHURCH,Yorkton,SK,,
Holy Trinity Anglican Church,Yorkton,SK,306-786-4282,http://holytrinityyorkton.blogspot.ca/
HOLY TRINITY CHURCH,Saskatoon,SK,,
HOLY TRINITY LUTHERAN CHURCH,Luseland,SK,,
HOLY TRINITY PARISH,Regina,SK,,
HOLY TRINITY PARISH ALVENA SK,Alvena,SK,,
HOLY TRINITY ROMANIAN ORTHODOX PARISH,Churchbridge,SK,,
HOLY TRINITY RUSSIAN ORTHODOX CHURCH,Moose Jaw,SK,,
HOLY TRINITY UKRAINIAN GREEK ORTHODOX CHURCH,Saskatoon,SK,,
HOLY TRINITY UKRAINIAN ORTHODOX CHURCH OF TARNOPOL,Yellow Creek,SK,,
HOPE EVANGELICAL MISSIONARY CHURCH,Burstall,SK,,
HORSE LAKE MENNONITE CHURCH,Duck Lake,SK,,
Hosanna Life Center North Battleford Inc,North Battleford,SK,13064455079,http://www.hosannalifecenter.ca
HUDSON BAY LARGER PARISH,Hudson Bay,SK,,
HUDSON BAY SEVENTH-DAY ADVENTIST CHURCH,Saskatoon,SK,,
HUMBOLDT ALLIANCE CHURCH OF THE CHRISTIAN AND MISSIONARY ALLIANCE IN CANADA,Humboldt,SK,,
HUMBOLDT BIBLE CHURCH,Humboldt,SK,,
Humboldt Bridge Ministries International,Humboldt,SK,,http://www.bridgeministrieshumboldt.com
HYAS BAPTIST CHURCH,Hyas,SK,,
IMMACULATE CONCEPTION PARISH,Kerrobert,SK,,
IMMACULATE CONCEPTION PARISH,Quinton,SK,,
IMMACULATE CONCEPTION PARISH,Qu Appelle,SK,,
IMMACULATE CONCEPTION PARISH TISDALE SK,Tisdale,SK,,
IMMACULATE HEART OF MARY PARISH,Elrose,SK,,
IMMANUEL LUTHERAN CHURCH,Zehner,SK,,
IMMANUEL LUTHERAN CHURCH,Naicam,SK,,
IMMANUEL LUTHERAN CHURCH,Mervin,SK,,
IMMANUEL LUTHERAN CHURCH,Admiral,SK,,
IMMANUEL LUTHERAN CHURCH,Macnutt,SK,,
IMPERIAL UNITED CHURCH,Imperial,SK,,
INDEPENDENT HOLINESS CHURCH,Nipawin,SK,,
INDEPENDENT HOLINESS CHURCH,Darcy,SK,,
INDEPENDENT HOLINESS CHURCHES,Nipawin,SK,,
INGLIS SEVENTH-DAY ADVENTIST CHURCH,Saskatoon,SK,,
INTERNATIONAL PASTORAL CHARGE,Bienfait,SK,,
INVERMAY UNITED CHURCH OF CANADA,Invermay,SK,,
Jesus Messiah Christian Ministry,Regina,SK,13065702788,
KAMSACK PEACE LUTHERAN CHURCH,Kamsack,SK,,
Kamsack Pentecostal Church,Kamsack,SK,3065422558,http://kamsackchurch.com
KAMSACK SEVENTH-DAY ADVENTIST CHURCH,Saskatoon,SK,,
Kelfield Gospel Chapel,Kelfield,SK,306-932-4945,
KELFIELD GOSPEL CHAPEL,Plenty,SK,,
KELLIHER PASTORAL CHARGE,Kelliher,SK,,
KELSTERN COMMUNITY CHURCH INC,Hodgeville,SK,,
KELVINGTON LINTLAW PASTORAL CHARGE,Kelvington,SK,,
KENASTON EVANGELICAL MISSIONARY CHURCH,Kenaston,SK,,
KENNEDY PASTORAL CHARGE,Langbank,SK,,
KERROBERT UNITED CHURCH OF CANADA,Kerrobert,SK,,
KINDERSLEY ALLIANCE CHURCH,Kindersley,SK,,
KINDERSLEY BRETHREN IN CHRIST CHURCH,Kindersley,SK,,
KINDERSLEY CHRISTIAN FELLOWSHIP,Kindersley,SK,(306)463-6146,http://www.kcfhope.com
King of Glory ,Saskatoon,SK,(306) 384-8199,
KIPLING-WINDTHORST PASTORAL CHARGE,Kipling,SK,,
KISBEY UNITED CHURCH,Kisbey,SK,,
KNOX PRESBYTERIAN CHURCH,Whitewood,SK,,
KNOX PRESBYTERIAN CHURCH,Shipman,SK,,
KNOX PRESBYTERIAN CHURCH,Weyburn,SK,,
KNOX PRESBYTERIAN CHURCH,Sylvania,SK,,
KNOX PRESBYTERIAN CHURCH,Briercrest,SK,,
KNOX PRESBYTERIAN CHURCH,Yorkton,SK,,
KNOX UNITED CHURCH,Saskatoon,SK,,
KNOX UNITED CHURCH,Abernethy,SK,,
KNOX UNITED CHURCH,Bredenbury,SK,,
KNOX UNITED CHURCH,Gainsborough,SK,,
KNOX UNITED CHURCH,North Portal,SK,,
KNOX UNITED CHURCH,Redvers,SK,,
KNOX UNITED CHURCH,Codette,SK,,
KNOX UNITED CHURCH,Qu'appelle,SK,,
KNOX UNITED CHURCH,Bradwell,SK,,
KNOX UNITED CHURCH,Paynton,SK,,
KNOX UNITED CHURCH,Bengough,SK,,
KNOX UNITED CHURCH LANGHAM,Langham,SK,,
KNOX-METROPOLITAN UNITED CHURCH,Regina,SK,,
KYLE LUTHERAN PARISH INC,Kyle,SK,,
LA CORPORATION EPISCOPALE CATHOLIQUE ROMAINE DE PRINCE ALBER,Prince Albert,SK,,
LA PAROISSE DE SAINT JEAN BAPTISTE,Ferland,SK,,
LA PAROISSE ST JEAN BAPTISTE,Regina,SK,,
LA RONGE LUTHERAN FELLOWSHIP,La Ronge,SK,,
LA RONGE PASTORAL CHARGE,La Ronge,SK,,
LAC QUI PARLE LUTHERAN CHURCH,Estevan,SK,,
Lac Vert A.G.C. Church,Lac Vert,SK,306-874-2027,
Lac Vert Associated Gospel Church,La Vert,SK,306-874-2801,http://www.angelfire.com/la2/lacvert
LAC VERT ASSOCIATED GOSPEL CHURCH,Naicam,SK,,
Lac Vert Associated Gospel Church,Lac Vert,SK,306-874-2801,
LACADENA UNITED CHURCH,Lacadena,SK,,
LAFLECHE UNITED CHURCH,Lafleche,SK,,
LAIRD MENNONITE CHURCH INC.,Laird,SK,,
LAKE PARK BAPTIST CHURCH INC,Birch Hills,SK,,
LAKE PARK ZION LUTHERAN CHURCH,Birch Hills,SK,,
LAKELAND COMMUNITY CHURCH,Spiritwood,SK,,
LAKEVIEW CHRISTIAN CHURCH INC,Moose Jaw,SK,,
Lakeview Church,Saskatoon,SK,,http://www.lakeviewchurch.com
LAKEVIEW UNITED CHURCH,Regina,SK,(306) 586-7844,http://lakeviewchurch.ca/
LAKEWOOD BAPTIST CHURCH INC,Saskatoon,SK,,
LAMPMAN FULL GOSPEL ASSEMBLY,Lampman,SK,,
LAMPMAN UNITED CHURCH,Lampman,SK,,
LANDIS UNITED CHURCH,Landis,SK,,
LANG UNITED CHURCH,Lang,SK,,
LANGENBURG UNITED CHURCH,Langenburg,SK,,
LANGHAM EVANGELICAL BIBLE CHURCH,Langham,SK,,
LANIGAN PASTORAL CHARGE,Lanigan,SK,,
LAWSON HEIGHTS ALLIANCE CHURCH,Saskatoon,SK,,
LAWSON HEIGHTS PENTECOSTAL ASSEMBLY,Saskatoon,SK,,http://www.lawsoncares.org 
LEADER ALLIANCE CHURCH,Leader,SK,,
LEADER UNITED CHURCH,Leader,SK,,
LEADER VICTORY FELLOWSHP INC,Leader,SK,,
Leask Gospel Tabernacle,Leask,SK,,
Lemberg Pentecostal Assembly,Lemberg,SK,,
LEROY BAPTIST CHURCH,Leroy,SK,,
LESLIE UNITED CHURCH,Leslie,SK,,
LESTOCK R C PARISH,Lestock,SK,,
Life Community Church,Martensville,SK,,
LifePoint Church,Lanigan,SK,(306) 365-2465,http://lpchome.blogspot.com
LIGHTHOUSE GOSPEL MISSION,Midale,SK,,
LIGHTHOUSE TO ALL NATIONS CHURCH INC,Regina,SK,,
LIGHTHOUSE TO THE COMMUNITIES CHURCH INC.,Sedley,SK,,
LIPTON EVANGELICAL MISSIONARY CHURCH,Lipton,SK,,
LIPTON UNITED CHURCH,Lipton,SK,,
LITTLE FLOWER PARISH,Leader,SK,,
LITTLE FLOWER R C PARISH,Regina,SK,,
LIVING CHRIST LUTHERAN CHURCH,Lipton,SK,,
Living Hope Alliance Church,Regina,SK,3063524673,http://www.mylivinghope.ca
LIVING HOPE COMMUNITY CHURCH INC,Estevan,SK,(306)634-8133,http://www.livinghope-ca.org
LIVING WATERS CHRISTIAN FELLOWSHIP,Okla,SK,,
LLEWELYN BETHEL CHURCH,Bangor,SK,,
LLOYDMINSTER ALLIANCE CHURCH,Lloydminster,SK,,
LLOYDMINSTER GOSPEL FELLOWSHIP,Lloydminster,SK,,http://www.lgfweb.org/
Lofty Heights Christian Centre,Regina,SK,+1-306-600-LHCC,http://www.loftyheightsglobal.org
LONE ROCK UNITED CHURCH,Lone Rock,SK,,
Loon Lake Reserve Church,Loon Lake,SK,,
LOREBURN HAWARDEN PASTORAL CHARGE,Loreburn,SK,,
LOUISE STREET COMMUNITY CHURCH OF THE NAZARENE,Saskatoon,SK,,
"Louise Street Community Church, a Church of the Nazarene",Saskatoon,SK,(306) 374-4622,http://saskatoonnazarene.org
LUMSDEN APOSTOLIC CHURCH,Lumsden,SK,,
LUMSDEN PASTORAL CHARGE,Lumsden,SK,,
LUTHERAN CHURCH OF UNITY INC,Unity,SK,,
MACOUN EVANGELICAL MISSIONARY CHURCH,Estevan,SK,,
MACRORIE SEVENTH-DAY ADVENTIST CHURCH,Saskatoon,SK,,
MAIDSTONE BAPTIST CHURCH INC,Maidstone,SK,,
MAIDSTONE UNITED CHURCH,Maidstone,SK,,
MALONECK UNITED CHURCH,Norquay,SK,,
MANITOBA-SASKATCHEWAN CONFERENCE OF THE SEVENTH-DAY ADVENTIST CHURCH INCORPORATED,Saskatoon,SK,,
MANITOU EVANGELICAL FREE CHURCH,Neilburg,SK,,
MANKOTA CALVARY UNITED CHURCH,Mankota,SK,,
MANOR CHRISTIAN FELLOWSHIP CENTRE INC,Manor,SK,,
MANTARIO UNITED CHURCH,Mantario,SK,,
MAPLE CREEK ASSEMBLY OF GOD,Maple Creek,SK,,
MAPLE CREEK PASTORAL CHARGE,Maple Creek,SK,,
MAPLE CREEK SEVENTH-DAY ADVENTIST CHURCH,Saskatoon,SK,,
MARENGO PASTORAL CHARGE,Alsask,SK,,
MARSDEN UNITED CHURCH,Marsden,SK,,
MARTENSVILLE ALLIANCE CHURCH,Martensville,SK,,
MARTENSVILLE BAPTIST CHURCH,Martensville,SK,,
MARTENSVILLE MENNONITE MISSION,Martensville,SK,,
Maryfield Associated Gospel Church,Maryfield,SK,306-646-2054,
MARYFIELD FAIRLIGHT PASTORAL CHARGE,Maryfield,SK,,
MARYLAND PARISH,Lampman,SK,,
MASSEY PLACE COMMUNITY CHURCH,Saskatoon,SK,,
MAYFAIR UNITED CHURCH,Saskatoon,SK,,
MAYMONT UNITED CHURCH,Maymont,SK,,
MCCORD UNITED CHURCH,Mccord,SK,,
MCKERCHER DRIVE PRESBYTERIAN CHURCH,Saskatoon,SK,,
MCLEAN BETHEL UNITED CHURCH,Mclean,SK,,
MEADOW LAKE ALLIANCE CHURCH,Meadow Lake,SK,,
MEADOW LAKE PASTORAL CHARGE,Meadow Lake,SK,,
MEETING ROOM HOLDINGS MAPLE CREEK,Maple Creek,SK,,
MEETING-ROOM HOLDINGS (REGINA),Regina,SK,,
MEEWASIN VALLEY UNITED CHURCH,Saskatoon,SK,,
MELFORT APOSTOLIC CHURCH,Melfort,SK,,
MELFORT CHURCH OF THE NAZARENE,Melfort,SK,,
MELFORT EVANGELICAL COVENANT CHURCH,Melfort,SK,,
MELFORT SEVENTH - DAY ADVENTIST COMPANY,Saskatoon,SK,,
MELVILLE BAPTIST CHURCH INC,Melville,SK,,
Melville Pentecostal Church,Melville,SK,,
MELVILLE SEVENTH-DAY ADVENTIST CHURCH,Saskatoon,SK,,
MEMORIAL GOSPEL TABERNACLE,Maryfield,SK,,
MENNONITE BRETHREN CHURCH,Warman,SK,,
MENNONITE BRETHREN CHURCH,Carrot River,SK,,
MENNONITE BRETHREN CHURCH,Main Centre,SK,,
MENNONITE BRETHREN CHURCH OF BORDEN,Borden,SK,,
MENNONITE FELLOWSHIP OF ROSTHERN INC,Rosthern,SK,,
MERVIN UNITED CHURCH,Mervin,SK,,
"MESKANAW ""TRAILL"" COMMUNITY CEMETERY",Meskanaw,SK,,
MESSIAH LUTHERAN CHURCH,Prince Albert,SK,,
MESSIAH LUTHERAN CHURCH OF ASSINIBOIA INC,Assiniboia,SK,,
Methodist,Prince Albert,SK,306-922-0100,http://www.worldoutreach.ca
MIDALE BETHLEHEM LUTHERAN CHURCH,Midale,SK,,
MIDDLE LAKE GOSPEL CHURCH,Middle Lake,SK,,
MIDLAKES ANGLICAN PARISH,Kenaston,SK,,
MILDEN ALLIANCE CHURCH,Milden,SK,,
MILDEN UNITED CHURCH,Milden,SK,,
MILESTONE ALLIANCE CHURCH,Parry,SK,,
MILESTONE ROMAN CATHOLIC CHURCH,Milestone,SK,,
MILESTONE UNITED CHURCH,Milestone,SK,,
Ministikwin Reserve Church,Loon Lake,SK,,
MINTO UNITED CHURCH,Moose Jaw,SK,,
MINTON GLADMER UNITED CHURCH,Minton,SK,,
MIRACLE MANOR CHURCH AND TRAINING CENTRE INC,Saskatoon,SK,,
Mision Cristiana Saskatoon/ Hispanic International Christian Mission Inc.,Saskatoon,SK,306 262 0361,
MISSION OF CABRI,Cabri,SK,,
MISSION OF CLIMAX,Climax,SK,,
MISSION OF ST LOUIS,Mossbank,SK,,
MOE CONCORDIA EVANGELICAL LUTHERAN CHURCH,Invermay,SK,,
MONT NEBO EVANGELICAL FREE CHURCH,Shellbrook,SK,,
MOOSOMIN BAPTIST CHRUCH,Moosomin,SK,,
MORSE UNITED CHURCH,Morse,SK,,
MOSSBANK UNITED CHURCH,Mossbank,SK,,
MOUNT CALVARY LUTHERAN CHURCH,Maple Creek,SK,,
MOUNT CALVARY LUTHERAN CHURCH,Swift Current,SK,,
MOUNT ROYAL EMMANUEL UNITED CHURCH,Saskatoon,SK,306-978-0822,
MOUNT ROYAL MENNONITE CHURCH,Saskatoon,SK,,
MOUNT ROYAL SEVENTH DAY ADVENTIST CHURCH,Saskatoon,SK,,
MOUNTAIN ANDREWS SEVENTH DAY ADVENTIST CHURCH,Saskatoon,SK,,
Mountain of Fire & Miracles Ministries,Saskatoon,SK,3066210042,https://www.mfmsaskatoon.org
Mountain of Fire & Miracles Ministries Yorkton,Yorkton,SK,3066210042,http://www.mfmyorkton.org
NEILBURG CHURCH OF GOD IN CHRIST (MENNONITE) INC,Neilburg,SK,,
NEILBURG UNITED CHURCH,Neilburg,SK,,
NEUANLAGE GRACE MENNONITE CHURCH,Hague,SK,,
New Covenant Fellowship,Whitewood,SK,306-735-7078,http://www.ncfcanada.org
NEW HOPE CHRISTIAN GROWTH CENTRE CORP,Stoughton,SK,,
New Hope Community Church,Prince Albert,SK,(306) 763-4845,http://www.panewhope.com
New Hope Lutheran Church ,Regina,SK,306-543-0118,
NEW JERUSALEM CENTER FOR COUNSELLING INC,Saskatoon,SK,,
New Life Centre,Moose Jaw,SK,,
NEW LIFE CHAPEL OF UNITY INC,Unity,SK,,
New Life Community Church,Kindersley,SK,,
New Life Community Church,Naicam,SK,,
New Life Community Church,Wadena,SK,306-338-3452,http://www.nlcc.bravesites.com
NEW LIFE COMMUNITY CHURCH INC,Whitewood,SK,,
NEW LIFE FELLOWSHIP INCORPORATED,Saskatoon,SK,,
New Life Pentecostal Assembly,Davidson,SK,,
NEW LIFE TABERNACLE U P C INC,Preeceville,SK,,
NEW STOCKHOLM EVANGELICAL LUTHERAN CHURCH,Stockholm,SK,,
NIPAWIN ALLIANCE CHURCH OF THE CHRISTIAN & MISSIONARY ALLIANCE,Nipawin,SK,306-862-5211,http://www.nipawinalliance.org
Nipawin Apostolic Church,Nipawin,SK,3068624342,http://www.nipawin.church
NIPAWIN SEVENTH-DAY ADVENTIST CHURCH,Saskatoon,SK,,
NIPAWIN UNITED CHURCH,Nipawin,SK,,
NIPAWIN VICTORY FELLOWSHIP INC,Nipawin,SK,,
Nisbet Memorial United Church,Prince Albert,SK,(306) 955-7366,
NOKOMIS BAPTIST CHURCH,Nokomis,SK,,
NOKOMIS UNITED CHURCH,Nokomis,SK,,
NORMAN KENNEDY PRESBYTERIAN CHURCH,Regina,SK,,
NORQUAY UNITED CHURCH,Norquay,SK,,
NORRONA EVANGELICAL LUTHERAN CHURCH OF BULYEA SASKATCHEWAN INC,Bulyea,SK,,
NORTH BATTLEFORD LOCAL CHURCH,North Battleford,SK,,
NORTH BATTLEFORD PASTORAL CHARGE,North Battleford,SK,,
North Harvest Community Church ,Prince Albert,SK,,
Northern Fellowship Chapel,Creighton,SK,306-688-4689,
NORTHLAND BAPTIST CHURCH,Love,SK,,
NORTHVIEW COMMUNITY CHURCH-FREE METHODIST CHURCH IN CANADA,Regina,SK,,
NORTHWEST COMMUNITY CHURCH,Meadow Lake,SK,,
NOTRE DAME DES VICTOIRES PARISH VICTOIRESK,Victoire,SK,,
NOTRE DAME DU LAC PARISH CHITEK LAKE SK,Chitek Lake,SK,,
NOTRE DAME PARISH NORTH BATTLEFORD SK,North Battleford,SK,,
NUT LAKE LUTHERAN CHURCH,Rose Valley,SK,,
NUTANA PARK MENNONITE CHURCH,Saskatoon,SK,,
OEGMA R C CHURCH,Ogema,SK,,
OGEMA UNITED CHURCH,Ogema,SK,,
OLD BERGTHALER MENNONITE CHURCH,Hague,SK,,
OLD COLONY MENNONITE CHURCH,Hague,SK,,
One Stop Life Centre,Weyburn,SK,,
ORMISTON BAPTIST CHURCH,Ormiston,SK,,
OSAGE UNITED CHURCH,Osage,SK,,
OUR LADY OF CONSOLATION PARISH MELFORTSK,Melfort,SK,,
OUR LADY OF CZESTOCHOWA CHURCH,Saskatoon,SK,,
OUR LADY OF CZESTOCHOWA PARISH PRINCE ALBERTSK,Prince Albert,SK,,
OUR LADY OF FATIMA CHURCH,Biggar,SK,,
OUR LADY OF GRACE CHURCH,Sedley,SK,,
OUR LADY OF GRACE PARISH,Dodsland,SK,,
OUR LADY OF LA SALETTE CHURCH,Forget,SK,,
OUR LADY OF LOURDES MISSION,Tompkins,SK,,
OUR LADY OF LOURDES PARISH,Saskatoon,SK,,
OUR LADY OF PERPETUAL HELP CHURCH,Goodeve,SK,,
OUR LADY OF PERPETUAL HELP CHURCH,Coronach,SK,,
OUR LADY OF PERPETUAL HELP PARISH,Wishart,SK,,
OUR LADY OF PERPETUAL HELP PARISH CUT KNIFE SK,Cut Knife,SK,,
OUR LADY OF SEVEN DOLORS' CHURCH,Lampman,SK,,
OUR LADY OF SMILE PARISH SHELL LAKESK,Spiritwood,SK,,
OUR LADY OF SORROWS,Fort Qu'appelle,SK,,
OUR LADY OF SORROWS PARISH PARADISE HILL SK,Paradise Hill,SK,,
OUR LADY OF THE ASSUMPTION PARISH,Wilkie,SK,,
OUR LADY OF THE PRAIRIES PARISH,Regina,SK,,
OUR LADY OF VICTORIES CHURCH,Esterhazy,SK,,
OUR REDEEMER'S LUTHERAN CHURCH,Watrous,SK,,
OUR SAVIOR LUTHERAN CHURCH,Outlook,SK,,
OUR SAVIOR'S LUTHERAN CHURCH,Loon Lake,SK,,
OUR SAVIOR'S LUTHERAN CHURCH,Regina,SK,,
OUR SAVIOUR LUTHERAN CHURCH,Fort Qu'appelle,SK,,
OUTLOOK ALLIANCE CHURCH,Outlook,SK,,
Outlook Gospel Lighthouse Inc.,Outlook,SK,306-867-9193,https://outlookgospellighthouse.ca/
OUTLOOK PASTORAL CHARGE ST ANDREW'S UNITED CHURCH,Outlook,SK,,
OUTLOOK ROMAN CATHOLIC CHURCH,Outlook,SK,,
OXBOW-GLEN EWEN PASTORAL CHARGE,Oxbow,SK,,
PANGMAN R C CHURCH,Pangman,SK,,
PANGMAN UNITED CHURCH,Pangman,SK,,
PARISH OF ASSINIBOIA,Assiniboia,SK,,
PARISH OF CANADIAN MARTYRS,Regina,SK,,
PARISH OF FORT QU'APPELLE,Fort Qu'appelle,SK,,
PARISH OF LAST MOUNTAIN,Nokomis,SK,,
PARISH OF NOTUKEU,Hodgeville,SK,,
PARISH OF OUR LADY OF LOURDES,Meyronne,SK,,
PARISH OF RAYMORE,Raymore,SK,,
PARISH OF ST ANNE,Gull Lake,SK,,
PARISH OF ST ANTHONY,Mendham,SK,,
PARISH OF ST PETER APOSTLE,Saskatoon,SK,,
PARISH OF THE GOOD SHEPHERD,Ogema,SK,,
PARISH OF THE HOLY SPIRIT,Saskatoon,SK,,
PARISH OF THE NATIVITY OF THE B V M /PAROISSE DE LA NATIVITE,Valmarie,SK,,
Park Avenue Bible Church,Melfort,SK,306-752-2413,
Parkland Bible Church,Kipling,SK,306-736-2421,
PARKLAND CHRISTIAN CENTRE INC,Canora,SK,,
PARKLAND COMMUNITY CHURCH,Yorkton,SK,,
PARKLAND EVANGELICAL FREE CHURCH,Kamsack,SK,,
PARKLAND GOSPEL CHURCH,Nipawin,SK,,
Parkside Pentecostal Church,Parkside,SK,,
PARKVIEW PRESBYTERIAN CHURCH,Saskatoon,SK,,
PARLIAMENT COMMUNITY CHURCH MENNONITE BRETHREN,Regina,SK,,
PAROISSE C R DE ST ANDRE,North Battleford,SK,,
PAROISSE CATHOLIQUE ROMAINE DE BATOCHE,Duck Lake,SK,,
PAROISSE CATHOLIQUE ROMAINE DE SAINT BRIEUX,St. Brieux,SK,,
PAROISSE CATHOLIQUE ROMAINE DE ZENON PARK,Zenon Park,SK,,
PAROISSE DE LISIEUX,Lisieux,SK,,
PAROISSE DE ST FRONT ST FRONT'S CHURCH,St. Front,SK,,
PAROISSE DE STE ANNE,Admiral,SK,,
PAROISSE NOTRE DAME D'AUVERGNE,Ponteix,SK,,
PAROISSE NOTRE DAME DE L'ASSOMPTION,Gravelbourg,SK,,
PAROISSE NOTRE DAME DE LA CONFIANCE/OUR LADY OF CONFIDENCE P,Cadillac,SK,,
PAROISSE ST CHARLES,Coderre,SK,,
PAROISSE ST HUBERT PARISH,Langbank,SK,,
PAROISSE ST IGNACE,Willow Bunch,SK,,
PAROISSE STE RADEGONDE,Lafleche,SK,,
PATRONAGE OF THE B V MARY CHURCH,West Bend,SK,,
PEACE LUTHERAN CHURCH,Yellow Grass,SK,,
PEACE LUTHERAN CHURCH,Grenfell,SK,,
PEACE LUTHERAN CHURCH,Martensville,SK,,
PEACE LUTHERAN CHURCH OF WEYBURN INC,Weyburn,SK,,
PEACE MENNONITE CHURCH NORTH SASKATOON INC,Saskatoon,SK,,
PEACE MENNONITE CHURCH OF REGINA INC,White City,SK,,
Pelly Fellowship Chapel,Pelly,SK,306-595-4511,
PELLY UNITED CHURCH,Pelly,SK,,
PENNANT UNITED CHURCH,Pennant,SK,,
PENTECOSTAL ASSEMBLIES OF CANADA HOME MISSIONS,Saskatoon,SK,,
Pentecostal Assembly of Semans ,Semans,SK,,
PENTECOSTAL CHURCH,Langenburs,SK,,
PENTECOSTAL TABERNACLE,Star City,SK,,
PENZANCE UNITED CHURCH,Holdfast,SK,,
People of Praise,Lafleche,SK,306 472-7824,
PEOPLE OF PRAISE MEYRONNE INC,Meyronne,SK,,
PERDUE UNITED CHURCH,Perdue,SK,,
PHILADELPHIA MENNONITE BRETHREN CHURCH,Guernson,SK,,
PIERCELAND UNITED CHURCH,Pierceland,SK,,
Pinehouse Drive Seventh Day Adventist Church,Saskatoon,SK,306.653.0661,http://www.pinehouseadventist.ca
Pineridge Fellowship Chapel,Hudson Bay,SK,306-865-2623,
PLAIN & VALLEY PARISH,Lumsden,SK,,
PLAINS CONSERVATIVE MENNONITE CHURCH INC,Martensville,SK,,
PLEASANT POINT MENNONITE CHURCH,Clavet,SK,,
PLEASANTDALE UNITED CHURCH,Pleasantdale,SK,,
PLENTY UNITED CHURCH,Stranraer,SK,,
PORCUPINE FULL GOSPEL CHURCH,Porcupine Plain,SK,,
PORTAGE LA PRAIRIE SEVENTH-DAY ADVENTIST CHURCH,Saskatoon,SK,,
POTTER'S HOUSE CHRISTIAN FELLOWSHIP CHURCH OF NORTH BATTLEFORD,North Battleford,SK,,
PRAIRIE BAPTIST CHURCH,Swift Current,SK,,
"PRAIRIE REVIVAL CHURCH (MALAYALAM, ENGLISH SERVICE)",Regina,SK,3069993941,
PRAIRIE VIEW COMMUNITY CHURCH A CHURCH OF THE NAZARENE INC.,Regina,SK,,
PRAISE AND WORSHIP CENTRE,Regina,SK,,
PRESBYTERY OF NORTHERN SASKATCHEWAN,Saskatoon,SK,,
PRINCE ALBERT ALLIANCE CHURCH,Prince Albert,SK,,
PRINCE ALBERT APOSTOLIC CHURCH,Prince Albert,SK,,
PRINCE ALBERT CHURCH OF THE NAZARENE,Prince Albert,SK,,
PRINCE ALBERT COMMUNITY BIBLE CHURCH INC,Prince Albert,SK,,
PRINCE ALBERT FAMILY CHURCH INC,Prince Albert,SK,,
PRINCE ALBERT GOSPEL ASSEMBLY,Prince Albert,SK,,
PRINCE ALBERT SEVENTH-DAY ADVENTIST CHURCH,Saskatoon,SK,,
PRINCE OF PEACE EVANGELICAL LUTHERAN CHURCH OF GOVAN,Cymric,SK,,
PRINCE OF PEACE LUTHERAN CHURCH,Regina,SK,,
PUNNICHY FULL GOSPEL ASSEMBLY,Punnichy,SK,,
QUEEN OF PEACE CHURCH,Cudworth,SK,,
QUEEN'S HOUSE OF RETREATS,Saskatoon,SK,,
QUILL LAKE EVANGELICAL FREE CHURCH,Quill Lake,SK,,
QUILL LAKE PENTECOSTAL CHURCH,Kuroki,SK,,
QUILL VIEW ANGLICAN PARISH,Wynyard,SK,,
R C CHURCH OF SPRING VALLEY,Spring Valley,SK,,
R C MISSION OF MEOTA,Meota,SK,,
R C PARISH OF BIG RIVER,Big River,SK,,
R C PARISH OF CANADIAN MARTYRS,Middle Lake,SK,,
R C PARISH OF DELMAS,Delmas,SK,,
R C PARISH OF DUCK LAKE,Duck Lake,SK,,
R C PARISH OF EDAM,Edam,SK,,
R C PARISH OF HODGEVILLE,Hodgeville,SK,,
R C PARISH OF MAIDSTONE,Maidstone,SK,,
R C PARISH OF MEADOW LAKE,Meadow Lake,SK,,
R C PARISH OF OUR LADY OF MT CARMEL,Carmel,SK,,
R C PARISH OF PIERCELAND,Pierceland,SK,,
R C PARISH OF SACRED HEART,Regina,SK,,
R C PARISH OF SHAUNAVON CHRIST THE KING CHURCH,Shaunavon,SK,,
R C PARISH OF ST AGNES,Bruno,SK,,
R C PARISH OF ST ANN,Annaheim,SK,,
R C PARISH OF ST ANNE THE,Regina,SK,,
R C PARISH OF ST ANTHONY,Lake Lenore,SK,,
R C PARISH OF ST ANTHONY OF REGINA,Regina,SK,,
R C PARISH OF ST AUGUSTINE,Humboldt,SK,,
R C PARISH OF ST BRUNO,Bruno,SK,,
R C PARISH OF ST CECILIA,Regina,SK,,
R C PARISH OF ST CHARLES,Regina,SK,,
R C PARISH OF ST GEORGE,Naicam,SK,,
R C PARISH OF ST GREGORY,St. Gregor,SK,,
R C PARISH OF ST IGNATIUS,Lanigan,SK,,
R C PARISH OF ST JOSEPH,Fulda,SK,,
R C PARISH OF ST LOUIS ST LOUIS SK,St. Louis,SK,,
R C PARISH OF ST MARK,Prince Albert,SK,,
R C PARISH OF ST MARTIN,Regina,SK,,
R C PARISH OF ST MARY,Moosomin,SK,,
R C PARISH OF ST MARY IN REGINA THE,Regina,SK,,
R C PARISH OF ST MICHAEL,Cudworth,SK,,
R C PARISH OF ST MICHAEL,Swift Current,SK,,
R C PARISH OF ST PETER,Muenster,SK,,
R C PARISH OF ST PETER THE,Regina,SK,,
R C PARISH OF ST SCHOLASTICA,Humboldt,SK,,
R C PARISH OF THE ASSUMPTION OF THE BLESSED VIRGIN MARY,Humboldt,SK,,
R C PARISH OF THE HOLY TRINITY,Pilger,SK,,
R C PARISH OF THE SACRED HEART,Watson,SK,,
RADVILLE CHURCH OF CHRIST,Radville,SK,,
RADVILLE UNITED CHURCH,Radville,SK,,
RAYMORE BAPTIST CHURCH,Raymore,SK,,
RCCG Peculiar Peoples Parish,Regina,SK,306-527-1946,http://www.rccgppp.org
RED DEER HILL PASTORAL CHARGE,Prince Albert,SK,,
REDEEMER EVANGELICAL LUTHERAN CHURCH,Davidson,SK,,
REDEEMER LUTHERAN CHURCH,Porcupine Plain,SK,,
REDEEMER LUTHERAN CHURCH,Regina,SK,,
REDEEMER LUTHERAN CHURCH,Saskatoon,SK,,
REDEEMER LUTHERAN CHURCH,Esterhazy,SK,,
REDEEMER LUTHERAN CHURCH BIGGAR INC,Biggar,SK,,
REDEEMER LUTHERAN CHURCH OF PRINCE ALBERT,Prince Albert,SK,,
Redeemer Reformation Church,Regina,SK,306-585-1841,http://www.redeemerchurch.ca
Redvers Community Church,Redvers,SK,306-452-6019,
REGINA APOSTOLIC CHURCH INC,Regina,SK,,
REGINA BEACH PASTORAL CHARGE,Regina Beach,SK,,
REGINA CHINESE ALLIANCE CHURCH,Regina,SK,,
REGINA CHINESE COMMUNITY CHURCH,Regina,SK,,
REGINA CHRISTIAN FAMILY CHURCH INC.,Regina,SK,,
REGINA CHURCH OF CHRIST,Regina,SK,,
REGINA FELLOWSHIP ASSEMBLY,Regina,SK,,
REGINA KOREAN ALLIANCE CHURCH,Regina,SK,,
Regina Korean Alliance Church,Regina,SK,,
Regina Victory Church,Regina,SK,306 5457885,http://www.reginavictory.com
Regina Vineyard Christian Fellowship,Regina,SK,(306) 585-8463,
RESURRECTION LUTHERAN CHURCH,Saskatoon,SK,,
REVIVAL TABERNACLE U P C INC,Regina,SK,,
RIDGEDALE UNITED CHURCH,Ridgedale,SK,,
RIVER VIEW COMMUNITY CHURCH,Frenchmen Butte,SK,,
Riverbend Church of God,Saskatoon,SK,306-242-6909,http://www.riverbendcog.com
RIVERWAY SEVENTH-DAY ADVENTIST CHURCH,Saskatoon,SK,,
ROCANVILLE PASTORAL CHARGE,Rocanville,SK,,
Rocanville Pentecostal Assembly,Rocanville,SK,,
ROCK OF AGES LUTHERAN BRETHREN CHURCH,Saskatoon,SK,,
ROMAN CATHOLIC MISSION OF CHRISTOPHER LAKE,Christopher Lake,SK,,
ROMAN CATHOLIC MISSION OF ST MARY'S,Choiceland,SK,,
ROMAN CATHOLIC PARISH OF HOLY GUARDIAN ANGELS,Englefeld,SK,,
ROMAN CATHOLIC PARISH OF HOLY TRINITY,Regina,SK,,
ROMAN CATHOLIC PARISH OF ST JOSEPH,Vanguard,SK,,
ROMAN CATHOLIC PARISH OF THE RESURRECTION,Regina,SK,,
ROSE VALLEY UNITED CHURCH,Rose Valley,SK,,
ROSEMONT UNITED CHURCH,Regina,SK,,
ROSETOWN CALVARY TABERNACLE,Rosetown,SK,,
Rosetown Community Church,Rosetown,SK,,
ROSETOWN UNITED CHURCH,Rosetown,SK,,
ROSEWOOD PARK ALLIANCE CHURCH INC.,Regina,SK,,
ROSTHERN ALLIANCE CHURCH,Rosthern,SK,,
ROSTHERN MENNONITE CHURCH,Rosthern,SK,,
ROSTHERN SEVENTH-DAY ADVENTIST CHURCH,Saskatoon,SK,,
ROULEAU UNITED CHURCH,Rouleau,SK,,
ROUMANIAN ORTHODOX CHURCH APOSTLES SAINT PETER AND PAUL,Kayville,SK,,
RUTLAND COMMUNITY CHAPEL INC,Unity,SK,,
SACRED HEART CATHEDRAL PARISH,Prince Albert,SK,,
SACRED HEART CHAPEL,Kenosee Lake,SK,,
SACRED HEART CHURCH,Torquay,SK,,
SACRED HEART CHURCH,Lipton,SK,,
SACRED HEART CHURCH,Lancer,SK,,
SACRED HEART CHURCH,Swift Current,SK,,
SACRED HEART CHURCH,Raymore,SK,,
SACRED HEART CHURCH,Benson,SK,,
SACRED HEART CHURCH (EGLISE DU SACRE-COEUR),Lebret,SK,,
SACRED HEART OF JESUS PARISH,Eston,SK,,
SACRED HEART OF MARY PARISH,Cowessess,SK,,
SACRED HEART PARISH,Denzil,SK,,
SACRED HEART PARISH,Davidson,SK,,
SACRED HEART PARISH,Montmartre,SK,,
SACRED HEART PARISH LIEBENTHAL,Liebenthal,SK,,
SACRED HEART PARISH SPIRITWOOD SK,Spiritwood,SK,,
SACRED HEART PARISH WHITEFISH RESERVESK,Debden,SK,,
SACRED HEART PARISH-LOON LAKE,Loon Lake,SK,,
SAINT DEMETRIUS ORTHODOX CHURCH LADY LAKE,Preeceville,SK,,
SAINT EUGENE DE MAZENOD CHURCH,Luseland,SK,,
Saint George Orthodox Cathedral,Regina,SK,306-352-0112,http://stgeorgeregina.org
SAINT JOHNS EVANGELICAL LUTHERAN CHURCH OF WARMAN INC,Warman,SK,,
SAINT MARK'S EVANGELICAL LUTHERAN CHURCHREGINASASKATCHEWAN,Regina,SK,,
SALEM CHURCH OF WALDHEIM SASKATCHEWAN INC,Waldheim,SK,,
SALEM EVANGELICAL LUTHERAN CHURCH OF SHAUNAVON,Shaunavon,SK,,
SALEM LUTHERAN CHURCH,Hodgeville,SK,,
SALTCOATS UNITED CHURCH,Saltcoats,SK,,
SALVATION ARMY LLOYDMINSTER CORPS THE,Lloydminster,SK,,
SALVATION ARMY MAPLE CREEK CORPS THE,Maple Creek,SK,,
SALVATION ARMY MEADOW LAKE CORPS THE,Meadow Lake,SK,,
SALVATION ARMY MELFORT CORPS THE,Melfort,SK,,
SALVATION ARMY MOOSE JAW CORPS THE,Moose Jaw,SK,,
SALVATION ARMY NIPAWIN CORPS,Nipawin,SK,,
SALVATION ARMY PRINCE ALBERT CORPS THE,Prince Albert,SK,,
SALVATION ARMY REGINA DOWNTOWN COMMUNITY CHURCH THE,Regina,SK,,
SALVATION ARMY SASKATCHEWAN DIVISIONAL HEADQUARTERS THE,Regina,SK,,
SALVATION ARMY SASKATOON TEMPLE THE,Saskatoon,SK,,
SALVATION ARMY SWIFT CURRENT CORPS,Swift Current,SK,,
SALVATION ARMY TISDALE CORPS THE,Tisdale,SK,,
SALVATION ARMY YORKTON CORPS THE,Yorkton,SK,,
SANDWITH PRESBYTERIAN CHURCH,Glenbush,SK,,
SARON LUTHERAN CHURCH,Hagen,SK,,
SASKATCHEWAN CONFERENCE OF MENNONITE BRETHREN CHURCHES,Canora,SK,,
SASKATCHEWAN RIVER LUTHERAN CHURCH,Outlook,SK,,
SASKATCHEWAN SYNOD EVANGELICAL LUTHERAN CHURCH IN CANADA INC,Saskatoon,SK,,
SASKATOON CENTRAL SEVENTH-DAY ADVENTIST CHURCH,Saskatoon,SK,,
SASKATOON CHINESE ALLIANCE CHURCH,Saskatoon,SK,,
SASKATOON CHINESE CHRISTIAN CHURCH INC,Saskatoon,SK,,
SASKATOON CHRISTIAN ASSEMBLY,Saskatoon,SK,,
SASKATOON CHRISTIAN CENTRE INC,Saskatoon,SK,,
SASKATOON CHURCH OF GOD (PENTECOSTAL),Dalmeny,SK,,
SASKATOON EVANGELICAL FREE CHURCH INC,Saskatoon,SK,,
SASKATOON FAITH CENTRE,Saskatoon,SK,,
SASKATOON NATIVE CIRCLE MINISTRY,Saskatoon,SK,,
SASKATOON PLEASANT HILL MENNONITE CHURCH,Saskatoon,SK,,
SASKATOON TABERNACLE INC,Martensville,SK,,
SAVING GRACE LUTHERAN CHURCH INC,Canora,SK,,
SCARBOROUGH BAPTIST FELLOWSHIP,Prince Albert,SK,,
SCEPTRE UNITED CHURCH,Sceptre,SK,,
SECOND STREET UNITED CHURCH,Saskatoon,SK,,
SEMANS-RAYMORE PASTORAL CHARGE,Raymore,SK,,
SERBIAN ORTHODOX HOLY TRINITY CHURCHREGINA,Regina,SK,,
Shakinah International Fellowship ( Malayalam),Regina,SK,3064501716,
SHAMROCK UNITED CHURCH,Shamrock,SK,,
SHARON CHILDREN'S HOMES AND SCHOOLS,North Battleford,SK,306-445-2733,http://www.thesharonstar.org
SHARON MENNONITE CHURCH,Drake,SK,,
SHAUNAVON ALLIANCE CHURCH,Shaunavon,SK,,
SHEKINAH EAGLES CENTRE CHURCH,Regina,SK,306,http://wow.shekinaheaglescentre.com
SHELL LAKE LUTHERAN CHURCH,Shell Lake,SK,,
Shellbrook Pentecostal Assembly ,Shellbrook,SK,,
SHELLBROOK SEVENTH DAY ADVENTIST CHURCH,Saskatoon,SK,,
SHEPHERD OF THE VALLEY LUTHERAN CHURCH,Lumsden,SK,,
SHILOH ASSEMBLY APOSTOLIC CORP.,Regina,SK,,
SILTON UNITED CHURCH,Silton,SK,,
Silver Heights Bible Church,Weyburn,SK,306-842-6466,
SILVER HEIGHTS BIBLE CHURCH INC,Weyburn,SK,,
SILVER HEIGHTS SEVENTH-DAY ADVENTIST CHURCH,Saskatoon,SK,,
SILVERWOOD BAPTIST CHURCH,Raymore,SK,,
SINTALUTA UNITED CHURCH,Sintaluta,SK,,
SISTERS OF MISSION SERVICE - CHARITY FUND,Saskatoon,SK,,
SKUDESNESS LUTHERAN CHURCH,Loreburn,SK,,
SMILEY UNITED CHURCH,Smiley,SK,,
SONLIGHT COMMUNITY CHURCH- A CHRISTIAN REFORMED CONGREGATION INC,Regina,SK,,
Sonningdale Pentecostal Assembly,Sonningdale,SK,,
SOURIS VALLEY COMMUNITY CHURCH,Estevan,SK,,
Southend House of Prayer,Southend,SK,,
SOUTHEY BAPTIST CHURCH,Southey,SK,,
SOUTHEY UNITED CHURCH,Southey,SK,,
SOUTHLINE FELLOWSHIP INC,Frontier,SK,,
Southside Pentecostal Assembly,Regina,SK,,
SOUTHWEST MISSION,Vanguard,SK,,
Spalding Gospel Chapel,Spalding,SK,306-872-2726,
SPALDING UNITED CHURCH,Spalding,SK,,
SPEERS PIONEER MEMORIAL UNITED CHURCH,Speers,SK,,
SPRINGSIDE BAPTIST CHURCH,Springside,SK,,
SPRINGSIDE UNITED CHURCH,Springside,SK,,
SPRINGWATER PASTORAL CHARGE,Kelfield,SK,,
SPY HILL UNITED CHURCH,Spy Hill,SK,,
ST AGATHA'S PARISH SHELLBROOK SK,Shellbrook,SK,,
ST AGNES CHURCH,Pilot Butte,SK,,
ST ALBERT CHURCH,Raymore,SK,,
ST ALBERT'S PARISH,Mankota,SK,,
ST ALOYSIUS CHURCH,Fillmore,SK,,
ST ALOYSIUS PARISH,Allan,SK,,
ST ALPHONSE PARISH,Viscount,SK,,
ST ALPHONSUS CATHOLIC CHURCH,Rocanville,SK,,
ST ANDREW S UNITED CHURCH,Rosthern,SK,,
ST ANDREW S UNITED CHURCH,Admiral,SK,,
ST ANDREW'S ANGLICAN CHURCH,Rosetown,SK,,
ST ANDREW'S ANGLICAN CHURCH,Shellbrook,SK,,
ST ANDREW'S CHURCH,Porcupine Plain,SK,,
ST ANDREW'S CHURCH,Kenaston,SK,,
ST ANDREW'S CHURCH,Humboldt,SK,,
ST ANDREW'S CHURCH,Maidstone,SK,,
ST ANDREW'S PARISH BLAINE LAKE,Blaine Lake,SK,,
ST ANDREW'S PRESBYTERIAN CHURCH,Qu'appelle,SK,,
ST ANDREW'S PRESBYTERIAN CHURCH,Moosomin,SK,,
ST ANDREW'S PRESBYTERIAN CHURCH,Biggar,SK,,
ST ANDREW'S PRESBYTERIAN CHURCH,Saskatoon,SK,,
ST ANDREW'S PRESBYTERIAN CHURCH,Indian Head,SK,,
ST ANDREW'S PRESBYTERIAN CHURCH,Tisdale,SK,,
ST ANDREW'S PRESBYTERIAN CHURCH,Swift Current,SK,,
ST ANDREW'S PRESBYTERIAN CHURCH,North Battleford,SK,,
ST ANDREW'S UNITED CHURCH,Eyebrow,SK,,
ST ANDREW'S UNITED CHURCH,Tugaske,SK,,
ST ANDREW'S UNITED CHURCH,Regina,SK,,
ST ANDREW'S UNITED CHURCH,Yorkton,SK,,
ST ANDREW'S UNITED CHURCH,Moose Jaw,SK,,
ST ANDREW'S UNITED CHURCH,Indian Head,SK,,
ST ANDREW'S UNITED CHURCH,Creelman,SK,,
ST ANDREW'S UNITED CHURCH ESTON SASKATCHEWAN,Eston,SK,,
ST ANDREWS UNITED CHURCH,Canora,SK,,
ST ANDREWS UNITED CHURCH,Arcola,SK,,
ST ANDREWS UNITED CHURCH,Broadview,SK,,
ST ANDREWS UNITED CHURCH,Churchbridge,SK,,
ST ANDREWS UNITED CHURCH,Fort Qu'appelle,SK,,
ST ANDREWS UNITED CHURCH,Esterhazy,SK,,
ST ANDRWS UNITED CHURCH,Atwater,SK,,
ST ANN'S CHURCH,Kennedy,SK,,
ST ANN'S CHURCH,Watrous,SK,,
ST ANN'S PARISH,Truax,SK,,
ST ANNE PARISH BIRCH HILLS SK,Birch Hills,SK,,
ST ANNE'S PARISH,Chamberlain,SK,,
ST ANNE'S PARISH,Saskatoon,SK,,
ST ANNE'S PARISH,Kipling,SK,,
ST ANTHONY PARISH BJORKDALE SK,Bjorkdale,SK,,
ST ANTHONY'S CHURCH,Dodsland,SK,,
ST ANTHONY'S CHURCH,Wiseton,SK,,
ST ANTHONY'S PARISH,Storthoaks,SK,,
ST ATHANASIUS UKRAINIAN CATHOLIC CHURCH,Regina,SK,,
ST AUGUSTINE'S CHURCH,Rosthern,SK,,
ST AUGUSTINE'S CHURCH,Eastend,SK,,
ST BARNABAS' ANGLICAN CHURCH,Moose Jaw,SK,,
ST BARTHOLOMEW'S ANGLICAN CHURCH REGINA BEACH,Buena Vista,SK,,
ST BASIL'S CHURCH,Eston,SK,,
ST BONIFACE CHURCH,Holdfast,SK,,
ST BONIFACE PARISH GOODSOILSK,Goodsoil,SK,,
ST BRIDE'S CHURCH,Watson,SK,,
ST CATHERINE'S CHURCH,Quill Lake,SK,,
ST CHARLES/ST JOSEPH PARISH MARSDEN/NEILBURGSK,Marsden,SK,,
ST CHRISTOPHER'S ANGLICAN CHURCH,Christopher Lake,SK,,
ST COLUMBKILE'S CHURCH,Radisson,SK,,
ST CUTHBERT'S ANGLICAN CHURCH,Dysart,SK,,
ST DAVIDS ANGLICAN CHURCH,Fairlight,SK,,
ST DOMINIC PARISH HUDSON BAYSK,Hudson Bay,SK,,
ST DONATUS CHURCH,Cactus Lake,SK,,
ST EDWARD'S CHURCH,Meacham,SK,,
ST ELISABETH'S CHURCH,Stockholm,SK,,
ST ELIZABETH MISSION,Glen Bain,SK,,
ST ELIZABETH'S CHURCH,Killaly,SK,,http://www.stelizabethparish.ca
ST EUGENE PARISH NIPAWIN SK,Nipawin,SK,,
ST EUGENE ROMAN CATHOLIC PARISH,Minton,SK,,
ST FELIX ROMAN CATHOLIC CHURCH,Archerwill,SK,,
ST FRANCIS CHURCH,Francis,SK,,
ST FRANCIS WHITE BEAR RC CHAPEL,Carlyle,SK,,
ST FRANCIS XAVIER PARISH,Prelate,SK,,
ST FRANCIS XAVIER PARISH,Saskatoon,SK,,
ST FRANCIS XAVIER R C PARISH,Wawota,SK,,
ST GABRIEL'S PARISH,Biggar,SK,,
ST GEORGE ORTHODOX CATHEDRAL INC,Regina,SK,,
ST GEORGE'S ANGLICAN CHURCH,Prince Albert,SK,,
ST GEORGE'S CHURCH,Loon Lake,SK,,
ST GEORGE'S CHURCH,Assiniboia,SK,,
ST GEORGE'S CHURCH,Battleford,SK,,
ST GEORGES ANGLICAN CHURCH,Saskatoon,SK,,
ST GERARD WEST LINE MISSIONS,Theodore,SK,,
ST GERARD'S CHURCH,Yorkton,SK,,
ST HENRY PARISH LEASKSK,Leask,SK,,
ST HENRY'S ROMAN CATHOLIC CHURCH,Melville,SK,,
ST HIPPOLYTE PARISH VAWNSK,Vawn,SK,,
ST IGNATIUS CHURCH,Kendal,SK,,
ST ISIDORE DE BELLEVUE PARISH BELLEVUESK,St. Isidore-De-Bellevue,SK,,
ST JAMES CHURCH,Lipton,SK,,
ST JAMES PARISH,Wilkie,SK,,
ST JAMES PRESBYTERIAN CHURCH,Melfort,SK,,
ST JAMES THE APOSTLE ANGLICAN CHURCH,Regina,SK,,
ST JAMES UNITED CHURCH,Lashburn,SK,,
ST JAMES UNITED CHURCH,Regina,SK,,
ST JAMES UNITED CHURCH WOLSELY,Wolseley,SK,,
ST JAMES' CHURCH,Endeavour,SK,,
ST JAMES' CHURCH,Saskatoon,SK,,
ST JEAN BAPTISTE PARISH DEBDENSK,Debden,SK,,
ST JEROME'S PARISH,Lumsden,SK,,
ST JOHN BOSCO PARISH,Saskatoon,SK,,
ST JOHN LUTHERAN CHURCH,Strasbourg,SK,,
ST JOHN LUTHERN CHURCH,Lang,SK,,
ST JOHN THE BAPTIST CHURCH,Swift Current,SK,,
ST JOHN THE BAPTIST PARISH,Estevan,SK,,
ST JOHN THE DIVINE,Indian Head,SK,,
ST JOHN VIANNY CATHOLIC PARISH,La Ronge,SK,,
ST JOHN'S ANGLICAN CHURCH,Nipawin,SK,,
ST JOHN'S ANGLICAN CHURCH,Glaslyn,SK,,
ST JOHN'S ANGLICAN CHURCH,Livelong,SK,,
St John's Anglican Church,,SK,,
ST JOHN'S ANGLICAN CHURCH,Moose Jaw,SK,,
ST JOHN'S ANGLICAN CHURCH FOAM LAKE,Foam Lake,SK,,
ST JOHN'S CATHEDRAL,Saskatoon,SK,,
ST JOHN'S CHURCH,Marquis,SK,,
ST JOHN'S CHURCH,Borden,SK,,
ST JOHN'S EV LUTHERAN CHURCH,Esterhazy,SK,,
ST JOHN'S LUTHERAN CHURCH,Humboldt,SK,,
ST JOHN'S LUTHERAN CHURCH,Frobisher,SK,,
ST JOHN'S LUTHERAN CHURCH,Laird,SK,,
ST JOHN'S LUTHERAN CHURCH,Preeceville,SK,,
ST JOHN'S LUTHERAN CHURCH,Wapella,SK,,
ST JOHN'S LUTHERAN CHURCH,Shellbrook,SK,,
ST JOHN'S LUTHERAN CHURCH,Viscount,SK,,
ST JOHN'S PARISH,Rockglen,SK,,
ST JOHN'S UNITED CHURCH,Simpson,SK,,
ST JOHNS CHURCH,Unity,SK,,
ST JOHNS HILLSIDE,Bjorkdale,SK,,
ST JOHNS UNITED CHURCH,Saskatoon,SK,,
ST JOSAPHAT UKRAINIAN CATHOLIC CHURCH,Kamsack,SK,,
ST JOSEPH CALASANCTIUS PARISH NORTH BATTLEFORDSK,North Battleford,SK,,
ST JOSEPH CHURCH,Canora,SK,,
ST JOSEPH PARISH BARTHEL SK,Barthel,SK,,
ST JOSEPH PARISH MARCELINSK,Marcelin,SK,,
ST JOSEPH PARISH PRINCE ALBERT SK,Prince Albert,SK,,
ST JOSEPH'S CATHOLIC CHURCH,Oxbow,SK,,
ST JOSEPH'S CHURCH,Eatonia,SK,,
ST JOSEPH'S CHURCH,Craik,SK,,
ST JOSEPH'S PARISH,Saskatoon,SK,,
ST JOSEPH'S PARISH,Moose Jaw,SK,,
ST JOSEPH'S PARISH,Balgonie,SK,,
ST JOSEPH'S PARISH,Indian Head,SK,,
ST JOSEPH'S PARISH,Pangman,SK,,
ST JOSEPH'S PARISH CHURCH,Avonlea,SK,,
ST JOSEPH'S ROMAN CATHOLIC CHURCH,Glentworth,SK,,
ST JOSEPH'S ROMAN CATHOLIC CHURCH,Candiac,SK,,
ST JUDE'S CHURCH,Carnduff,SK,,
ST JUDE'S PARISH GREEN LAKE SK,Green Lake,SK,,
ST LAWRENCE CATHOLIC CHURCH,Maple Creek,SK,,
ST LEON PARISH JACKFISH SK,Cochin,SK,,
ST LUCY PARISH ARBORFIELD SK,Arborfield,SK,,
ST LUKE LUTHERAN CHURCH,Ogema,SK,,
ST LUKE S ANGLICAN CHURCH BROADVIEW,Broadview,SK,,
ST LUKE'S ANGLICAN CHURCH,Regina,SK,,
ST LUKE'S CHURCH,Saskatoon,SK,,
ST LUKE'S LUTHERAN CHURCH,Lampman,SK,,
ST LUKE'S LUTHERAN CHURCH,Midale,SK,,
ST MARK THE EVANGELIST ORTHODOX CHURCH OF YORKTON INC,Yorkton,SK,,
ST MARK'S CHURCH,Outlook,SK,,
ST MARK'S CHURCH,Saskatoon,SK,,
ST MARK'S LUTHERN CHURCH,Markinch,SK,,
ST MARK'S LUTHERN CHURCH,Choiceland,SK,,
ST MARKS PRESBYTERIAN CHURCH,Moose Jaw,SK,,
ST MARTIN'S ANGLICAN CHURCH,Big River,SK,,
ST MARTIN'S CHURCH,Saskatoon,SK,,
ST MARTIN'S UNITED CHURCH,Saskatoon,SK,,
ST MARY THE VIRGIN,Cupar,SK,,
ST MARY'S ANGLICAN CHURCH,Regina,SK,,
ST MARY'S CHURCH,Colonsay,SK,,
ST MARY'S CHURCH,Quinton,SK,,
ST MARY'S CHURCH,Wadena,SK,,
ST MARY'S PARISH,Richmound,SK,,
ST MARY'S PARISH,Saskatoon,SK,,
ST MARY'S PARISH,Macklin,SK,,
ST MARY'S PARISH,Churchbridge,SK,,
ST MARY'S PARISH,Tribune,SK,,
ST MARY'S R C CHURCH,Fox Valley,SK,,
ST MARY'S ROMAN CATHOLIC CHURCH,Lanigan,SK,,
ST MARY'S ROMAN CATHOLIC PARISH,Wynard,SK,,
ST MARY'S UKRAINIAN CATHOLIC CHURCH,Yorkton,SK,,
ST MARYS R C CHURCH,Fosston,SK,,
ST MATTHEW'S ANGLICAN CHURCH,Regina,SK,,
ST MATTHEW'S CHURCH,Saskatoon,SK,,
ST MATTHEWS ANGLICAN CHURCH,Tisdale,SK,,
ST MAURICE PARISH PAROISSE ST MAURICE,Antler,SK,,
ST MICHAEL PARISH PRINCE ALBERT SK,Prince Albert,SK,,
ST MICHAEL'S CHURCH,Lemberg,SK,,
ST MICHAEL'S CHURCH,Quill Lake,SK,,
ST MICHAEL'S PARISH,Tramping Lake,SK,,
ST MICHAEL'S PARISH,Saskatoon,SK,,
ST MICHAEL'S PARISH,Goodeve,SK,,
ST MICHAEL'S R C CHURCH,Viceroy,SK,,
ST MICHAEL'S RETREAT,Lumsden,SK,,
ST MICHAEL'S UKRAINIAN CATHOLIC CHURCH,Elfros,SK,,
ST MICHAEL'S UKRANIAN ORTHODOX CHURCH,Kamsack,SK,,
ST MICHAELS R C CHURCH,Burstall,SK,,
ST ODILON PARISH ROSTHERNSK,Rosthern,SK,,
ST OLAF LUTHERAN CHURCH OF KINDERSLEY INC,Kindersley,SK,306-463-6116,
ST PASCHAL'S PARISH,Wilkie,SK,,
ST PATRICK'S CHURCH,Eastend,SK,,
ST PATRICK'S CHURCH,Cupar,SK,,
ST PATRICK'S CHURCH,Sturgis,SK,,
ST PATRICK'S PARISH,Watrous,SK,,
ST PATRICK'S PARISH,Nokomis,SK,,
ST PATRICKS ANGLICAN CHURCH,Hudson Bay,SK,,
ST PAUL EVANGELICAL LUTHERAN CHURCH,Togo,SK,,
ST PAUL LUTHERAN CHURCH,Radisson,SK,,
ST PAUL LUTHERAN CHURCH,Rabbit Lake,SK,,
ST PAUL LUTHERN CHURCH,Yorkton,SK,,
ST PAUL'S ANGLICAN CHURCH,Wilkie,SK,,
ST PAUL'S CATHEDRAL,Saskatoon,SK,,
ST PAUL'S CATHEDRAL,Regina,SK,,
ST PAUL'S CHURCH,Meacham,SK,,
ST PAUL'S CHURCH,Waseca,SK,,
ST PAUL'S CHURCH,North Battleford,SK,,
ST PAUL'S CHURCH,Biggar,SK,,
ST PAUL'S CHURCH,Cut Knife,SK,,
ST PAUL'S EVANGELICAL LUTHERAN CHURCH,Edenwold,SK,,
ST PAUL'S EVANGELICAL LUTHERAN CHURCH OF SASKATOON INC,Saskatoon,SK,,
ST PAUL'S GREEK ORTHODOX CHURCH,Regina,SK,,
ST PAUL'S LUTHERAN CHURCH,Melfort,SK,,
ST PAUL'S LUTHERAN CHURCH,Eatonia,SK,,
ST PAUL'S LUTHERAN CHURCH,Duval,SK,,
ST PAUL'S LUTHERAN CHURCH,Melville,SK,,
ST PAUL'S LUTHERAN CHURCH,Springside,SK,,
ST PAUL'S LUTHERAN CHURCH,Broadview,SK,,
ST PAUL'S LUTHERAN CHURCH,Regina,SK,,
ST PAUL'S LUTHERAN CHURCH,Cupar,SK,,
ST PAUL'S LUTHERAN CHURCH OF LANGENBURG,Langenburg,SK,,
ST PAUL'S PARISH,Vibank,SK,,
ST PAUL'S PRESBYTERIAN CHURCH,Prince Albert,SK,,
ST PAUL'S UNITED CHURCH,Kindersley,SK,,
ST PAUL'S UNITED CHURCH,Togo,SK,,
ST PAUL'S UNITED CHURCH,Rocanville,SK,,
ST PAUL'S UNITED CHURCH,Assiniboia,SK,,
ST PAULS UNITED CHURCH,Estevan,SK,,
St Pauls United Church,Saskatoon,SK,306-955-3766,http://spuconline.com/
ST PETER & PAUL ROMANIAN ORTHODOX CHURCH,Yorkton,SK,,
ST PETER'S CHURCH,Kronau,SK,,
ST PETER'S CHURCH,Qu'appelle,SK,,
ST PETER'S LUTHERAN CHURCH,Estevan,SK,,
ST PETER'S LUTHERAN CHURCH,Oxbow,SK,,
ST PETER'S PARISH,Unity,SK,,
ST PETERS PARISH MISTATIM SK,Mistatim,SK,,
ST PHILIP NERI PARISH,Saskatoon,SK,,
ST PHILIP'S ANGLICAN CHURCH,Regina,SK,,
ST PHILIP'S R C CHURCH,Pelly,SK,,
ST PIUS PARISH,Windthorst,SK,,
ST PIUS X ROMAN CATHOLIC CHURCH,Imperial,SK,,
ST RAPHAEL'S PARISH,Alida,SK,,
ST REGIS PARISH BOARD,Wauchope,SK,,
ST SOLANGE ROMAN CATHOLIC CHURCH,Hafford,SK,,
ST STANISLAUS CHURCH,Ituna,SK,,
ST STEPHEN'S ANGLICAN CHURCH,Macdowall,SK,,
ST STEPHEN'S ANGLICAN CHURCH,Swift Current,SK,,
ST STEPHEN'S ANGLICAN CHURCH MERRILL,Saskatoon,SK,,
ST STEPHEN'S CHURCH,Saskatoon,SK,,
ST THERESA'S CHURCH,Lintlaw,SK,,
ST THERESA'S PARISH,Rosetown,SK,,
ST THERESA'S PARISH,Beechy,SK,,
ST THOMAS CHURCH,Qu'appelle,SK,,
ST THOMAS THE APOSTLE CHURCH,Norquay,SK,,
ST THOMAS-WESLEY UNITED CHURCH,Saskatoon,SK,,
ST TIMOTHY EVANGELICAL LUTHERAN CHURCH,Regina,SK,,
ST TIMOTHY S ANGLICAN CHURCH,Saskatoon,SK,,
ST VINCENT DE PAUL PARISH,Weyburn,SK,,
ST VINCENT OF LERINS ORTHODOX CHURCH INC,Saskatoon,SK,,
ST VITAL PARISH BATTLEFORD SK,Battleford,SK,,
ST WALBURG SEVENTH-DAY ADVENTI ST CHURCH,Saskatoon,SK,,
ST WENCESLAUS PARISH,Gerald,SK,,
ST. JAMES PARISH ALBERTVILLE SK,Albertville,SK,,
ST. LUCIA PARISH LASHBURN SK,Lashburn,SK,,
St. Mary's Catholic Church,Grayson,SK,,
St. Paul's Evangelical Missionary Church,Rosthern,SK,306 232 4666,
St. Paul's Evangelical Missionary Church,Rosthern,SK,306 232 4666,
ST. RITA PARISH MEDSTEAD SK,Spiritwood,SK,,
ST. THOMAS PARISH MAKWA SK,Makwa,SK,,
STADACONA GOSPEL CHAPEL INC,Moose Jaw,SK,,
STAR CITY PASTORAL CHARGE,Star City,SK,,
STE ANNE'S R C CHURCH,Buchanan,SK,,
STE JOHN D'ARC PARISH DORMREMY SK,Domremy,SK,,
STE ROSE DE LIMA PARISH COCHIN SK,Cochin,SK,,
STE THERESE PARISH LEOVILLE SK,Leoville,SK,,
STEWART VALLEY UNITED CHURCH,Stewart Valley,SK,,
STOCKHOLM UNITED CHURCH,Stockholm,SK,,
STOUGHTON APOSTOLIC CHURCH,Stoughton,SK,,
STRASBOURG ALLIANCE CHURCH OF THE CHRISTIAN AND MISSIONARY ALLIANCE IN CANADA,Strasbourg,SK,,
STRASBOURG PASTORALCHARGE UNITED CHURCH OF CANADA,Bulyea,SK,,
STRASBOURG UNITED CHURCH,Strasbourg,SK,,
STS DONATIEN ET ROGATIEN PARISH,Prudhomme,SK,,
STS PETER & PAUL UKRAINIAN CATHOLIC PARISH,Kylemore,SK,,
Sturgeon Lake House of Prayer,Spruce Home,SK,,
STURGIS EVANGELICAL CHURCH INC,Sturgis,SK,,
Sunningdale Community Church,Moose Jaw,SK,306-693-7040,
SUNNINGDALE COMMUNITY CHURCH INC,Moose Jaw,SK,,
SUNSET UNITED CHURCH,Regina,SK,,
SUPERB MENNONITE CHURCH,Kerrobert,SK,,
SWAN RIVER SEVENTH-DAY ADVENTIST CHURCH,Saskatoon,SK,,
SWANSON CHURCH OF GOD IN CHRIST,Saskatoon,SK,,
SWARTHMORE UNITED CHURCH,Unity,SK,,
SWIFT CURRENT CONFERENCE THE EVANGELICAL LUTHERAN CHURCH OF CANADA,Swift Current,SK,,
SWIFT CURRENT SEVENTH-DAY ADVENTIST CHURCH,Saskatoon,SK,,
SYNOD OF THE DIOCESE OF QU'APPELLE,Regina,SK,,
TANTALLON UNITED CHURCH,Tantallon,SK,,
TEMPLE BAPTIST CHURCH INC,Jansen,SK,,
TERRITORIAL DRIVE ALLIANCE CHURCH,North Battleford,SK,,
TESSIER KNOX UNITED CHURCH,Harris,SK,,
THE ALLIANCE CHURCH MOOSE JAW,Moose Jaw,SK,,
THE ALLIANCE CHURCH OF THE CHRISTIAN AND MISSIONARY ALLIANCE OF LUSELAND,Luseland,SK,,
THE ANGLICAN CONGREGATIONS OF GRENFELL,Grenfell,SK,,
"THE ASSINIBOIA ROMANIAN ORTHODOX CHURCH ""THE DESCENT OF THE HOLY GHOST"" INC",Assiniboia,SK,,
THE ASSUMPTION OF OUR LADY PARISH,Kerrobert,SK,,
THE BATTLEFORDS SEVENTH-DAY ADVENTIST CHURCH,Saskatoon,SK,,
THE BRACKEN EVANGELICAL FREE CHURCH,Bracken,SK,,
THE CHRISTIAN & MISSIONARY ALLIANCE CHURCH,Estevan,SK,,
THE CHURCH AT BAPAUME,Spiritwood,SK,,
THE CHURCH AT SASKATOON,Saskatoon,SK,,
THE CHURCH IN MEATH PARK INC.,Meath Park,SK,306-929-3489,
THE CHURCH OF GOD IN CHRIST (MENNONITED),Hyas,SK,,
THE CHURCH OF GOD IN CHRIST MENNONITE SALTCOATS INC,Saltcoats,SK,,
The Church of Pentecost,Regina,SK,306-201-4730,http://www.pentecost.ca
THE CHURCH OF THE OPEN BIBLE,Swift Current,SK,,
THE EIGENHEIM MENNONITE CHURCH INC,Rosthern,SK,,
THE EVANGELICAL FREE CHURCH OF BIG RIVER INC,Big River,SK,,
The Fellowship of Duck Lake,Duck Lake,SK,306-467-4471,
THE FRIENDLY GOSPEL LIGHTHOUSE,Lloydminster,SK,,
The Good Spirit Church,Canora Sk,SK,3065719022,http://www.goodspiritchurch.com
THE GOSPEL MESSAGE,Saskatoon,SK,,
THE GREATER PARISH OF OXBOW,Alameda,SK,,
THE GRENFELL APOSTOLIC CHURCH,Grenfell,SK,,
THE LASHBURN EVANGELICAL FREE CHURCH,Lashburn,SK,,
The Lighthouse,Weyburn,SK,3068978212,http://ourlighthousechurch.ca
The Lighthouse,Regina,SK,3068978212,http://ourlighthousechurch.ca
THE LIGHTHOUSE CHURCH,Regina,SK,3068978212,
THE LUTHERAN CHURCH OF LAKE ALMA INC,Lake Alma,SK,,
THE NORTH STAR MENNONITE CHURCH,Drake,SK,,
THE OSLER COMMUNITY CHURCH,Osler,SK,,
THE PARISH OF NEW SUMNER ANGLICAN CHURCH OF CANADA,Saltcoats,SK,,
THE PARK VALLEY LOCAL CHURCH,Debden,SK,,
THE PEOPLE'S CHURCH,Kipling,SK,,
THE PIPESTONE ANGLICAN PARISH,Grenfell,SK,,
THE POTTERS HOUSE CHRISTIAN FELLOWSHIP CHURCH,Lloydminster,SK,,
THE PRAYER BAPTIST CHURCH OF PORCUPINE PLAIN,Porcupine Plain,SK,,
THE SALVATION ARMY COMMUNITY RESOURCE CENTRE,Regina,SK,,
THE SALVATION ARMY ESTEVAN CORPS,Estevan,SK,,
THE SALVATION ARMY MCCARTHY PARK COMMUNITY CHURCH,Regina,SK,,
THE SALVATION ARMY WEYBURN CORPS,Weyburn,SK,,
THE ST AUGUSTINE EPISCOPAL CORPORATION OF SASKATOON PARISH,Saskatoon,SK,,
THE UKRAINIAN EVANGELICAL BAPTIST CONFERENCE OF WESTERN CANADA,Saskatoon,SK,,
THE UKRAINIAN ORTHODOX CONGREGATION OF ALL SAINTS,Meadow Lake,SK,,
THE UKRAINIAN ORTHODOX CONGREGATION OF ST JOHN OF SUCHAWA,Insinger,SK,,
THEODORE UNITED CHURCH,Theodore,SK,,
THIRD AVENUE UNITED CHURCH,Saskatoon,SK,,
TIEFENGRUND ROSENORT MENNONITE CHURCH,Laird,SK,,
Tisdale Christian Fellowship Church,Tisdale,SK,306-873-4643,
TISDALE PASTORAL CHARGE,Tisdale,SK,,
TISDALE PENTECOSTAL TABERNACLE,Tisdale,SK,,
TOMPKINS UNITED CHURCH,Tompkins,SK,,
Tongues of Fire,Saskatoon,SK,306 954 0691,
TRAILVIEW ALLIANCE CHURCH OF SWIFT CURRENT,Swift Current,SK,,
TRINITY BAPTIST CHURCH INC,North Battleford,SK,,
TRINITY EVANGELICAL LUTHERAN CHURCH,Saskatoon,SK,,
Trinity Evangelical Lutheran Church,Saskatoon,SK,,
TRINITY LUTHERAN CHURCH,Moosomin,SK,306 435-9035!,
TRINITY LUTHERAN CHURCH,Neudorf,SK,,
TRINITY LUTHERAN CHURCH,Arcola,SK,,
TRINITY LUTHERAN CHURCH,Lanigan,SK,,
TRINITY LUTHERAN CHURCH,Torquay,SK,,
TRINITY LUTHERAN CHURCH,Glen Bain,SK,,
TRINITY LUTHERAN CHURCH,Rosthern,SK,,
TRINITY LUTHERAN CHURCH,Simmie,SK,,
TRINITY LUTHERAN CHURCH,Regina,SK,,
TRINITY LUTHERAN CHURCH,Churchbridge,SK,,
Trinity Lutheran Church,Moosomin,SK,306 435-9035!,
TRINITY LUTHERAN CHURCH OF LEADER,Leader,SK,,
TRINITY LUTHERAN CHURCH OF ST WALBURG,St. Walburg,SK,,
TRINITY LUTHERAN CHURCH OF WILKIE INC,Wilkie,SK,,
TRINITY PRESBYTERIAN CHURCH,Grenfell,SK,(306)697-3060,http://www.trinitygrenfell.org
TRINITY UNITED CHURCH,Limerick,SK,,
TRINITY UNITED CHURCH,Canwood,SK,,
TRINITY UNITED CHURCH,Leask,SK,,
TRINITY UNITED CHURCH,Edam,SK,,
TRINITY UNITED CHURCH,Hazlet,SK,,
TRINITY UNITED CHURCH,Lancer,SK,,
TRINITY UNITED CHURCH,Watson,SK,,
TROSSACHS CAMP MEETING ASSOCIATION,Weyburn,SK,,
TROSSACHS UNITED CHURCH,Trossachs,SK,,
TUGASKE SEVENTH-DAY ADVENTIST CHURCH,Saskatoon,SK,,
TURTLE LAKE FOURSQUARE MISSION,Livelong,SK,,
TURTLEFORD BAPTIST CHURCH INC,Turtleford,SK,,
UKRAINIAN CATH EPISC CORP OF SASK ALL STS UKR CATH CHURCH,Humboldt,SK,,
UKRAINIAN CATH EPISC CORP OF SASK ASCENSION OF OUR LORD UKR CATH CHURCH,Aberdeen,SK,,
UKRAINIAN CATH EPISC CORP OF SASK BISHOPS CHANCERY,Saskatoon,SK,,
UKRAINIAN CATH EPISC CORP OF SASK HOLY EUCHARIST CHURCH,Hafford,SK,,
UKRAINIAN CATH EPISC CORP OF SASK HOLY GHOST UKR CATH CHURCH,Melfort,SK,,
UKRAINIAN CATH EPISC CORP OF SASK SACRED HEART UKR CATH CHURCH,Ituna,SK,,
UKRAINIAN CATH EPISC CORP OF SASK ST DEMETRIUS UKR CATH CHURCH,Wynyard,SK,,
UKRAINIAN CATH EPISC CORP OF SASK ST MICHAELS UKR CATH CHURCH,Alvena,SK,,
UKRAINIAN CATH EPISC CORP OF SASK ST MICHAELS UKR CATH CHURCH,Gronlid,SK,,
UKRAINIAN CATH EPISC CORP OF SASK ST PETER & PAULS UKR CATH CHURCH,Chaplin,SK,,
UKRAINIAN CATH EPISC CORP OF SASK ST PETER & PAULS UKR CATH CHURCH,Speers,SK,,
UKRAINIAN CATH EPISC CORP OF SASK ST PETER & PAULS UKR CATH CHURCH,Montmartre,SK,,
UKRAINIAN CATH EPISC CORP OF SASK UKR CATH MISSION,Estevan,SK,,
UKRAINIAN CATH EPISC CORP OF SK PATRONAGE OF BVM UKR GREEK CATH PAR OF OUR MOTHER OF PERP,Wakaw,SK,,
UKRAINIAN CATHOLIC CHURCH - OUR LADY OF PERPETUAL HELP,Blaine Lake,SK,,
UKRAINIAN CATHOLIC CHURCH OF ALL SAINTS NIPAWIN SASK,Nipawin,SK,,
UKRAINIAN CATHOLIC CHURCH OF THE ASSUMPTION OF THE BLESSED VIRGIN MARY,Glentworth,SK,,
UKRAINIAN CATHOLIC CHURCH ST PETER PAUL,Glenbain,SK,,
UKRAINIAN CATHOLIC EPISCOPAL CORPORATION OF SASKATCHEWAN-SACRED HEART CHURCH,Lanigan,SK,,
UKRAINIAN CATHOLIC PARISH OF STS PETER & PAUL,Porcupine Plain,SK,,
UKRAINIAN CATHOLIC PARISH STS PETER & PAUL,Canora,SK,,
UKRAINIAN GREEK CATHOLIC PARISH OF ST-VLADIMIR AND OLGA,Invermay,SK,,
UKRAINIAN GREEK CATHOLIC PARISH OF THE SACRED HEART OF JESUS,Wakaw,SK,,
UKRAINIAN GREEK ORTHODOX CHURCH OF ST MARY THE PROTECTRESS OF ST JULIAN,Wakaw,SK,,
UKRAINIAN GREEK ORTHODOX CHURCH OF ST PETER & PAUL,Kamsack,SK,,
UKRAINIAN GREEK ORTHODOX CONGREGATION OF HOLY TRINITY AT STURGIS,Sturgis,SK,,
UKRAINIAN GREEK ORTHODOX CONGREGATION OF ST ELIA,Yorkton,SK,,
UKRAINIAN GREEK ORTHODOX CONGREGATION OF ST PETER AND ST PAUL,Glaslyn,SK,,
UKRAINIAN ORTHODOX CATHEDRAL OF HOLY TRINITY SASKATOON,Saskatoon,SK,,
UKRAINIAN ORTHODOX CHURCH ASSUMPTION OF ST MARY WAKAW,Wakaw,SK,,
UKRAINIAN ORTHODOX CHURCH OF ALL SAINTS ENDEANOUN,Endeanoun,SK,,
UKRAINIAN ORTHODOX CHURCH OF ALL SAINTS KAMSACK,Kamsack,SK,,
UKRAINIAN ORTHODOX CHURCH OF ALL SAINTS SASKATOON,Saskatoon,SK,,
UKRAINIAN ORTHODOX CHURCH OF HOLY ASCENSION WESTBROOK,Theodore,SK,,
UKRAINIAN ORTHODOX CHURCH OF HOLY GHOST GOODEVE,Melville,SK,,
UKRAINIAN ORTHODOX CHURCH OF HOLY GHOST ITUNA,Ituna,SK,,
UKRAINIAN ORTHODOX CHURCH OF HOLY GHOST KINDERSLEY,Eatonia,SK,,
UKRAINIAN ORTHODOX CHURCH OF HOLY GHOST REGINA,Regina,SK,,
UKRAINIAN ORTHODOX CHURCH OF HOLY TRANSFIGURATION YORKTON,Yorkton,SK,,
UKRAINIAN ORTHODOX CHURCH OF HOLY TRINITY,Prince Albert,SK,,
UKRAINIAN ORTHODOX CHURCH OF HOLY TRINITY CANORA,Canora,SK,,
UKRAINIAN ORTHODOX CHURCH OF ST DMITRIUS IN STENEN,Stenen,SK,,
UKRAINIAN ORTHODOX CHURCH OF ST JOHN,Hyas,SK,,
UKRAINIAN ORTHODOX CHURCH OF ST JOHN BUCHANAN,Buchanan,SK,,
UKRAINIAN ORTHODOX CHURCH OF ST JOHN THE BAPTIST,Theodore,SK,,
UKRAINIAN ORTHODOX CHURCH OF ST JOHN WEIRDALE,Weirdale,SK,,
UKRAINIAN ORTHODOX CHURCH OF ST MARY (USPENSKA),Canora,SK,,
UKRAINIAN ORTHODOX CHURCH OF ST MARY BORDEN,Borden,SK,,
UKRAINIAN ORTHODOX CHURCH OF ST MARY EDMORE,West Bend,SK,,
UKRAINIAN ORTHODOX CHURCH OF ST MARY GRONLID,Gronlid,SK,,
UKRAINIAN ORTHODOX CHURCH OF ST MARY MEACHAM,Meacham,SK,,
UKRAINIAN ORTHODOX CHURCH OF ST MARY THE PROTECTRES MELVILLE,Fenwood,SK,,
UKRAINIAN ORTHODOX CHURCH OF ST MARY THEODORE,Theodore,SK,,
UKRAINIAN ORTHODOX CHURCH OF ST MARY WYNYARD,Wishart,SK,,
UKRAINIAN ORTHODOX CHURCH OF ST MICHAEL,Montmartre,SK,,
UKRAINIAN ORTHODOX CHURCH OF ST VLADIMIR MOOSE JAW,Moose Jaw,SK,,
UKRAINIAN ORTHODOX CHURCH OF ST VLADIMIR REDFIELD,North Battleford,SK,,
UKRAINIAN ORTHODOX CHURCH OF ST. MICHAEL LEPINE,Wakaw,SK,,
UKRAINIAN ORTHODOX CHURCH OF ST. MICHAEL RAMA,Rama,SK,,
UKRAINIAN ORTHODOX CHURCH OF ST. NICHOLAS HUDSON BAY,Hudson Bay,SK,,
UKRAINIAN ORTHODOX CHURCH OF STS PETER AND PAUL,Calder,SK,,
UKRAINIAN ORTHODOX CHURCH OF STS PETER AND PAUL FOAM LAKE,Foam Lake,SK,,
UKRAINIAN ORTHODOX CHURCH OF STS PETER AND PAUL SOUTH INSINGER,Insinger,SK,,
UKRAINIAN ORTHODOX CHURCH OF STS. PETER AND PAUL BROOKSBY,Melfort,SK,,
UKRAINIAN ORTHODOX CHURCH OF STS. PETER AND PAUL HONEYMOON,Prince Albert,SK,,
UKRAINIAN ORTHODOX CHURCH OF THE HOLY GHOST,Hafford,SK,,
UKRAINIAN ORTHODOX CONGREGATION OF ST ELIAS,Sheho,SK,,
UKRANIAN ORTHODOX CHURCH OF HOLY TRINITY ARRAN,Arran,SK,,
UNITED CHURCH OF CANADA GRAVELBOURG PASTORAL CHARGE,Gravelbourg,SK,,
UNITY BAPTIST CHURCH,Unity,SK,,
VALLEY ALLIANCE CHURCH,Fort Qu'appelle,SK,,
VALLEY OF HOPE LUTHERAN CHURCH,Eastend,SK,,
VANGUARD GOSPEL TABERNACLE,Swift Current,SK,,
VICTORY CHAPEL,Humboldt,SK,3066829992,
VICTORY CHRISTIAN FELLOWSHIP OF MAPLE CREEK,Maple Creek,SK,,
VICTORY FAMILY CHURCH OF SWIFT CURRENT INC,Swift Current,SK,,
WADENA BAPTIST CHURCH,Wadena,SK,,
WADENA UNITED CHURCH,Wadena,SK,,
WAKAW BAPTIST CHURCH,Wakaw,SK,,
WAKAW PASTORAL CHARGE,Wakaw,SK,,
WAPELLA CHURCH OF THE NAZARENE,Wapella,SK,,
WAPELLA UNITED CHURCH,Wapella,SK,,
WATROUS BAPTIST CHURCH,Watrous,SK,,
WATROUS PASTORAL CHARGE,Watrous,SK,,
WATROUS PENTECOSTAL CHURCH,Watrous,SK,,
WAWOTA CHURCH OF CHRIST THE,Wawota,SK,,
WAWOTA UNITED CHURCH,Wawota,SK,,
Way of Life,Regina,SK,306-779-1084,http://www.wayoflifechurch.ca
WEEKES EVANGELICAL CHAPEL,Weekes,SK,,
WELDON ASSEMBLY,Weldon,SK,,
WELDON CHRISTIAN TABERNACLE,Kinistino,SK,,
WELDON LUTHERAN CHURCH,Weldon,SK,,
WELDON NEW LIFE CENTRE INC,Weldon,SK,,
WELWYN UNITED CHURCH,Welwyn,SK,,
WESLEY UNITED CHURCH,Regina,SK,,
WESLEY UNITED CHURCH,Rockglen,SK,,
WEST PARK SEVENTH-DAY ADVENTIST CHURCH,Saskatoon,SK,,
WEST PORTAL CHURCH-MENNONITE BRETHREN,Saskatoon,SK,,
WEST SIDE ALLIANCE CHURCH,Regina,SK,,
WESTERN CANADA CONFERENCE OF THE CHURCH OF THE NEW JERUSALEM THE,Laird,SK,,
WESTGATE ALLIANCE CHURCH,Saskatoon,SK,,
WESTHILL PARK BAPTIST CHURCH,Regina,SK,306-775-1616,http://www.westhillchurch.ca
WESTMINSTER MEMORIAL UNITED CHURCH,Kamsack,SK,,
WESTMINSTER PRESBYTERIAN CHURCH,Estevan,SK,,
WESTMINSTER UNITED CHURCH,Regina,SK,,
WESTMOUNT BAPTIST CHURCH,Moose Jaw,SK,,
WESTMOUNT EVANGELICAL CHURCH,Saskatoon,SK,,
Westside Pentecostal Church,Saskatoon,SK,(306) 384-0646,http://www.paoc-wpc.com/
WESTVIEW UNITED CHURCH,Yorkton,SK,,
WEYBURN CHURCH OF CHRIST THE,Weyburn,SK,,
WEYBURN FREE METHODIST CHURCH,Weyburn,SK,,
WEYBURN GOSPEL ASSEMBLY,Weyburn,SK,,
WEYBURN SEVENTH-DAY ADVENTIST CHURCH,Saskatoon,SK,,
Wheatland Community Church,Weyburn,SK,306 842 2429,http://www.wheatlandcommunitychurch.com
WHEATLANDS FELLOWSHIP CENTRE,Gallivan,SK,,
WHITE VALLEY LUTHERAN CHURCH,Eastend,SK,,
Whitefish Pentecostal Church,Victoire,SK,,
Whitefish Pentecostal Church,Victoire,SK,,
WHITESAND ANGLICAN PARISH,Kamsack,SK,,
WHITEWOOD EVANGELICAL CHURCH IN CANADA,Whitewood,SK,,
WHITEWOOD UNITED CHURCH,Whitewood,SK,,
WHITMORE PARK UNITED CHURCH,Regina,SK,3065863977,http://www.wpuc.ca/
WILDWOOD MENNONITE CHURCH,Saskatoon,SK,,
WILKIE PASTORAL CHARGE,Wilkie,SK,,
Wilkie Pentecostal Chapel,Wilkie ,SK,,
WILLOW BUNCH UNITED CHURCH,Willow Bunch,SK,,
WINNIPEGOSIS SEVENTH-DAY ADVENTIST CHURCH,Saskatoon,SK,,
Wiseton Pentecostal Church,Wiseton,SK,(306) 357-2004,
WISETON UNITED CHURCH,Wiseton,SK,,
WOLSELEY NEW LIFE CHRISTIAN CENTRE,Wolseley,SK,,
WOOD MOUNTAIN CATHOLIC CHURCH,Wood Mountain,SK,,
WOODROW GOSPEL CHAPEL,Woodrow,SK,,
WOODROW UNITED CHURCH,Woodrow,SK,,
WORD OUTREACH CENTRE OF LOON LAKE,Loon Lake,SK,,
Worldwide Church of God,Kindersley,SK,306-962-4349,
Worldwide Church of God,Tisdale,SK,(306) 955-7366,
Worldwide Church of God,Regina,SK,(306) 529 4480,
Worldwide Church of God,Yorkton,SK,,
Worldwide Church of God,Moosomin,SK,,
Wymark Evangelical Mennonite Church,Wymark,SK,306-773-9089,
WYNYARD UNITED CHURCH,Wynyard,SK,,
YELLOW GRASS PASTORAL CHARGE,Yellow Grass,SK,,
YORKTON ALLIANCE CHURCH,Yorkton,SK,,
YORKTON EVANGELICAL FELLOWSHIP,Yorkton,SK,,
ZEALANDIA UNITED CHURCH,Zealandia,SK,,
ZION EVANGELICAL LUTHERAN CHURCH,Saskatoon,SK,,
ZION EVANGELICAL LUTHERAN CHURCH OF JANSEN SASKATCHEWAN,Jansen,SK,,
ZION EVANGELICAL LUTHERAN CHURCH OF NIPAWIN,Nipawin,SK,,
ZION LUTHERAN CHURCH,Melville,SK,,
ZION LUTHERAN CHURCH,Stoughton,SK,,
ZION LUTHERAN CHURCH,Yorkton,SK,,
ZION LUTHERAN CHURCH,Rose Valley,SK,,
ZION LUTHERAN CHURCH,Windthorst,SK,,
ZION LUTHERAN CHURCH,Wolseley,SK,,
ZION LUTHERAN CHURCH,Morse,SK,,
ZION LUTHERAN CHURCH,Humboldt,SK,,
ZION LUTHERAN CHURCH,North Battleford,SK,,
ZION LUTHERAN CHURCH,Kinistino,SK,,
ZION LUTHERAN CHURCH,Hague,SK,,
ZION LUTHERAN CHURCH,Leroy,SK,,
ZION LUTHERAN CHURCH CANWOOD INC,Canwood,SK,,
ZION LUTHERAN CHURCH OF NORTH SOUTHEY INC,Southey,SK,,
ZION LUTHERAN CHURCH OF WEYBURNINCORPORATED,Weyburn,SK,,
ZION UNITED CHURCH,Regina,SK,,
ZION UNITED CHURCH,Moose Jaw,SK,,
ZOAR MENNONITE CHURCH,Langham,SK,,
ZOAR MENNONITE CHURCH,Waldheim,SK,,
